#“s“¹•{Œ§–¼,’n‹æ’¬‘º–¼,ƒtƒ@ƒCƒ‹–¼
–kŠC“¹,D–ys’†‰›‹æ,data2500/hokkaido/01101.lzh
–kŠC“¹,D–ys–k‹æ,data2500/hokkaido/01102.lzh
–kŠC“¹,D–ys“Œ‹æ,data2500/hokkaido/01103.lzh
–kŠC“¹,D–ys”’Î‹æ,data2500/hokkaido/01104.lzh
–kŠC“¹,D–ys–L•½‹æ,data2500/hokkaido/01105.lzh
–kŠC“¹,D–ys“ì‹æ,data2500/hokkaido/01106.lzh
–kŠC“¹,D–ys¼‹æ,data2500/hokkaido/01107.lzh
–kŠC“¹,D–ysŒú•Ê‹æ,data2500/hokkaido/01108.lzh
–kŠC“¹,D–ysèˆî‹æ,data2500/hokkaido/01109.lzh
–kŠC“¹,D–ys´“c‹æ,data2500/hokkaido/01110.lzh
–kŠC“¹,”ŸŠÙs,data2500/hokkaido/01202.lzh
–kŠC“¹,¬’Ms,data2500/hokkaido/01203.lzh
–kŠC“¹,ˆ®ìs,data2500/hokkaido/01204.lzh
–kŠC“¹,º—–s,data2500/hokkaido/01205.lzh
–kŠC“¹,‹ú˜Hs,data2500/hokkaido/01206.lzh
–kŠC“¹,‘ÑLs,data2500/hokkaido/01207.lzh
–kŠC“¹,–kŒ©s,data2500/hokkaido/01208.lzh
–kŠC“¹,—[’£s,data2500/hokkaido/01209.lzh
–kŠC“¹,ŠâŒ©‘òs,data2500/hokkaido/01210.lzh
–kŠC“¹,–Ô‘–s,data2500/hokkaido/01211.lzh
–kŠC“¹,—¯–Gs,data2500/hokkaido/01212.lzh
–kŠC“¹,“Ï¬–qs,data2500/hokkaido/01213.lzh
–kŠC“¹,’t“às,data2500/hokkaido/01214.lzh
–kŠC“¹,”ü‰Ss,data2500/hokkaido/01215.lzh
–kŠC“¹,ˆ°•Ês,data2500/hokkaido/01216.lzh
–kŠC“¹,]•Ês,data2500/hokkaido/01217.lzh
–kŠC“¹,Ô•½s,data2500/hokkaido/01218.lzh
–kŠC“¹,–ä•Ês,data2500/hokkaido/01219.lzh
–kŠC“¹,m•Ês,data2500/hokkaido/01220.lzh
–kŠC“¹,–¼Šñs,data2500/hokkaido/01221.lzh
–kŠC“¹,OŠ}s,data2500/hokkaido/01222.lzh
–kŠC“¹,ªºs,data2500/hokkaido/01223.lzh
–kŠC“¹,çÎs,data2500/hokkaido/01224.lzh
–kŠC“¹,‘êìs,data2500/hokkaido/01225.lzh
–kŠC“¹,»ìs,data2500/hokkaido/01226.lzh
–kŠC“¹,‰Ìu“às,data2500/hokkaido/01227.lzh
–kŠC“¹,[ìs,data2500/hokkaido/01228.lzh
–kŠC“¹,•x—Ç–ìs,data2500/hokkaido/01229.lzh
–kŠC“¹,“o•Ês,data2500/hokkaido/01230.lzh
–kŠC“¹,Œb’ës,data2500/hokkaido/01231.lzh
–kŠC“¹,ˆÉ’Bs,data2500/hokkaido/01233.lzh
–kŠC“¹,–kL“‡s,data2500/hokkaido/01234.lzh
–kŠC“¹,Îës,data2500/hokkaido/01235.lzh
–kŠC“¹,ÎëŒS“–•Ê’¬,data2500/hokkaido/01303.lzh
–kŠC“¹,¼‘OŒS•Ÿ“‡’¬,data2500/hokkaido/01332.lzh
–kŠC“¹,ãˆéŒS–ØŒÃ“à’¬,data2500/hokkaido/01334.lzh
–kŠC“¹,ãˆéŒSãˆé’¬,data2500/hokkaido/01335.lzh
–kŠC“¹,‹T“cŒS‘å–ì’¬,data2500/hokkaido/01336.lzh
–kŠC“¹,‹T“cŒSµ”Ñ’¬,data2500/hokkaido/01337.lzh
–kŠC“¹,Š•”ŒSX’¬,data2500/hokkaido/01345.lzh
–kŠC“¹,RéŒS”ª‰_’¬,data2500/hokkaido/01346.lzh
–kŠC“¹,RéŒS’·–œ•”’¬,data2500/hokkaido/01347.lzh
–kŠC“¹,wRŒS]·’¬,data2500/hokkaido/01361.lzh
–kŠC“¹,£’IŒS–kwR’¬,data2500/hokkaido/01369.lzh
–kŠC“¹,£’IŒS¡‹à’¬,data2500/hokkaido/01370.lzh
–kŠC“¹,ˆ¸“cŒS‹ä’mˆÀ’¬,data2500/hokkaido/01400.lzh
–kŠC“¹,Šâ“àŒS‹¤˜a’¬,data2500/hokkaido/01401.lzh
–kŠC“¹,Šâ“àŒSŠâ“à’¬,data2500/hokkaido/01402.lzh
–kŠC“¹,ŒÃ•½ŒSŒÃ•½’¬,data2500/hokkaido/01406.lzh
–kŠC“¹,—]sŒS—]s’¬,data2500/hokkaido/01408.lzh
–kŠC“¹,‹ó’mŒSŒI‘ò’¬,data2500/hokkaido/01422.lzh
–kŠC“¹,‹ó’mŒS“Şˆä]’¬,data2500/hokkaido/01424.lzh
–kŠC“¹,—[’£ŒS’·À’¬,data2500/hokkaido/01428.lzh
–kŠC“¹,—[’£ŒSŒIR’¬,data2500/hokkaido/01429.lzh
–kŠC“¹,Š’ŒËŒSV\’Ãì’¬,data2500/hokkaido/01432.lzh
–kŠC“¹,ãìŒS‘é²’¬,data2500/hokkaido/01452.lzh
–kŠC“¹,ãìŒS“Œ_Šy’¬,data2500/hokkaido/01453.lzh
–kŠC“¹,ãìŒSãì’¬,data2500/hokkaido/01457.lzh
–kŠC“¹,ãìŒS”ü‰l’¬,data2500/hokkaido/01459.lzh
–kŠC“¹,‹ó’mŒSã•x—Ç–ì’¬,data2500/hokkaido/01460.lzh
–kŠC“¹,ãìŒS‰ºì’¬,data2500/hokkaido/01468.lzh
–kŠC“¹,’†ìŒS”ü[’¬,data2500/hokkaido/01469.lzh
–kŠC“¹,“Ï‘OŒS‰H–y’¬,data2500/hokkaido/01484.lzh
–kŠC“¹,}KŒS•l“Ú•Ê’¬,data2500/hokkaido/01512.lzh
–kŠC“¹,}KŒS}K’¬,data2500/hokkaido/01514.lzh
–kŠC“¹,–Ô‘–ŒS—–•Ê’¬,data2500/hokkaido/01542.lzh
–kŠC“¹,–Ô‘–ŒS”ü–y’¬,data2500/hokkaido/01543.lzh
–kŠC“¹,Î—¢ŒSÎ—¢’¬,data2500/hokkaido/01545.lzh
–kŠC“¹,í˜CŒS—¯•ÓåA’¬,data2500/hokkaido/01551.lzh
–kŠC“¹,–ä•ÊŒS‰“Œy’¬,data2500/hokkaido/01555.lzh
–kŠC“¹,–ä•ÊŒS‘êã’¬,data2500/hokkaido/01560.lzh
–kŠC“¹,–ä•ÊŒS‹»•”’¬,data2500/hokkaido/01561.lzh
–kŠC“¹,–ä•ÊŒS—Y•’¬,data2500/hokkaido/01563.lzh
–kŠC“¹,Ö“cŒS’¡ˆ¸“c’¬,data2500/hokkaido/01572.lzh
–kŠC“¹,—LìŒS‘s•Ë’¬,data2500/hokkaido/01575.lzh
–kŠC“¹,”’˜VŒS”’˜V’¬,data2500/hokkaido/01578.lzh
–kŠC“¹,—E•¥ŒS‘—ˆ’¬,data2500/hokkaido/01579.lzh
–kŠC“¹,—E•¥ŒSŒú^’¬,data2500/hokkaido/01581.lzh
–kŠC“¹,—E•¥ŒS–·ì’¬,data2500/hokkaido/01582.lzh
–kŠC“¹,¹—¬ŒS–å•Ê’¬,data2500/hokkaido/01603.lzh
–kŠC“¹,Ã“àŒSÃ“à’¬,data2500/hokkaido/01605.lzh
–kŠC“¹,‰Y‰ÍŒS‰Y‰Í’¬,data2500/hokkaido/01607.lzh
–kŠC“¹,‰Í“ŒŒS‰¹X’¬,data2500/hokkaido/01631.lzh
–kŠC“¹,‰Í“ŒŒSV“¾’¬,data2500/hokkaido/01635.lzh
–kŠC“¹,‰Í“ŒŒS´…’¬,data2500/hokkaido/01636.lzh
–kŠC“¹,‰Í¼ŒS‰èº’¬,data2500/hokkaido/01637.lzh
–kŠC“¹,L”öŒS‘å÷’¬,data2500/hokkaido/01641.lzh
–kŠC“¹,L”öŒSL”ö’¬,data2500/hokkaido/01642.lzh
–kŠC“¹,’†ìŒS–‹•Ê’¬,data2500/hokkaido/01643.lzh
–kŠC“¹,’†ìŒS’r“c’¬,data2500/hokkaido/01644.lzh
–kŠC“¹,’†ìŒS–{•Ê’¬,data2500/hokkaido/01646.lzh
–kŠC“¹,‘«ŠñŒS‘«Šñ’¬,data2500/hokkaido/01647.lzh
–kŠC“¹,\ŸŒS‰Y–y’¬,data2500/hokkaido/01649.lzh
–kŠC“¹,‹ú˜HŒS‹ú˜H’¬,data2500/hokkaido/01661.lzh
–kŠC“¹,ŒúŠİŒSŒúŠİ’¬,data2500/hokkaido/01662.lzh
–kŠC“¹,ìãŒS•W’ƒ’¬,data2500/hokkaido/01664.lzh
–kŠC“¹,ìãŒS’íq‹ü’¬,data2500/hokkaido/01665.lzh
–kŠC“¹,”’fŒS”’f’¬,data2500/hokkaido/01668.lzh
–kŠC“¹,•W’ÃŒS’†•W’Ã’¬,data2500/hokkaido/01692.lzh
ÂXŒ§,ÂXs,data2500/aomori/02201.lzh
ÂXŒ§,O‘Os,data2500/aomori/02202.lzh
ÂXŒ§,”ªŒËs,data2500/aomori/02203.lzh
ÂXŒ§,•Îs,data2500/aomori/02204.lzh
ÂXŒ§,ŒÜŠìŒ´s,data2500/aomori/02205.lzh
ÂXŒ§,\˜a“cs,data2500/aomori/02206.lzh
ÂXŒ§,O‘òs,data2500/aomori/02207.lzh
ÂXŒ§,‚Ş‚Âs,data2500/aomori/02208.lzh
ÂXŒ§,“Œ’ÃŒyŒS•½“à’¬,data2500/aomori/02301.lzh
ÂXŒ§,“Œ’ÃŒyŒSŠI“c’¬,data2500/aomori/02302.lzh
ÂXŒ§,¼’ÃŒyŒSˆ±ƒP‘ò’¬,data2500/aomori/02321.lzh
ÂXŒ§,¼’ÃŒyŒS–Ø‘¢’¬,data2500/aomori/02322.lzh
ÂXŒ§,¼’ÃŒyŒSX“c‘º,data2500/aomori/02324.lzh
ÂXŒ§,¼’ÃŒyŒS”‘º,data2500/aomori/02326.lzh
ÂXŒ§,’†’ÃŒyŒSŠâ–Ø’¬,data2500/aomori/02341.lzh
ÂXŒ§,’†’ÃŒyŒS‘Š”n‘º,data2500/aomori/02342.lzh
ÂXŒ§,’†’ÃŒyŒS¼–Ú‰®‘º,data2500/aomori/02343.lzh
ÂXŒ§,“ì’ÃŒyŒS“¡è’¬,data2500/aomori/02361.lzh
ÂXŒ§,“ì’ÃŒyŒS‘å˜k’¬,data2500/aomori/02362.lzh
ÂXŒ§,“ì’ÃŒyŒS”öã’¬,data2500/aomori/02363.lzh
ÂXŒ§,“ì’ÃŒyŒS˜Q‰ª’¬,data2500/aomori/02364.lzh
ÂXŒ§,“ì’ÃŒyŒS•½‰ê’¬,data2500/aomori/02365.lzh
ÂXŒ§,“ì’ÃŒyŒSí”Õ‘º,data2500/aomori/02366.lzh
ÂXŒ§,“ì’ÃŒyŒS“cÉŠÙ‘º,data2500/aomori/02367.lzh
ÂXŒ§,“ì’ÃŒyŒS’ôƒPŠÖ‘º,data2500/aomori/02368.lzh
ÂXŒ§,–k’ÃŒyŒS”Â–ö’¬,data2500/aomori/02381.lzh
ÂXŒ§,–k’ÃŒyŒS’ß“c’¬,data2500/aomori/02384.lzh
ÂXŒ§,ã–kŒS–ì•Ó’n’¬,data2500/aomori/02401.lzh
ÂXŒ§,ã–kŒSµŒË’¬,data2500/aomori/02402.lzh
ÂXŒ§,ã–kŒS•SÎ’¬,data2500/aomori/02403.lzh
ÂXŒ§,ã–kŒS˜ZŒË’¬,data2500/aomori/02405.lzh
ÂXŒ§,ã–kŒS‰¡•l’¬,data2500/aomori/02406.lzh
ÂXŒ§,ã–kŒSã–k’¬,data2500/aomori/02407.lzh
ÂXŒ§,ã–kŒS“Œ–k’¬,data2500/aomori/02408.lzh
ÂXŒ§,ã–kŒS‰º“c’¬,data2500/aomori/02410.lzh
ÂXŒ§,ã–kŒS˜ZƒPŠ‘º,data2500/aomori/02411.lzh
ÂXŒ§,‰º–kŒS‘å”¨’¬,data2500/aomori/02422.lzh
ÂXŒ§,‰º–kŒS“Œ’Ê‘º,data2500/aomori/02424.lzh
ÂXŒ§,OŒËŒSOŒË’¬,data2500/aomori/02441.lzh
ÂXŒ§,OŒËŒSŒÜŒË’¬,data2500/aomori/02442.lzh
ÂXŒ§,OŒËŒS“ì•”’¬,data2500/aomori/02445.lzh
ÂXŒ§,OŒËŒSŠKã’¬,data2500/aomori/02446.lzh
ŠâèŒ§,·‰ªs,data2500/iwate/03201.lzh
ŠâèŒ§,‹{ŒÃs,data2500/iwate/03202.lzh
ŠâèŒ§,‘å‘D“ns,data2500/iwate/03203.lzh
ŠâèŒ§,…‘òs,data2500/iwate/03204.lzh
ŠâèŒ§,‰ÔŠªs,data2500/iwate/03205.lzh
ŠâèŒ§,–kãs,data2500/iwate/03206.lzh
ŠâèŒ§,‹vœs,data2500/iwate/03207.lzh
ŠâèŒ§,‰“–ìs,data2500/iwate/03208.lzh
ŠâèŒ§,ˆêŠÖs,data2500/iwate/03209.lzh
ŠâèŒ§,—¤‘O‚“cs,data2500/iwate/03210.lzh
ŠâèŒ§,Š˜Îs,data2500/iwate/03211.lzh
ŠâèŒ§,]hs,data2500/iwate/03212.lzh
ŠâèŒ§,“ñŒËs,data2500/iwate/03213.lzh
ŠâèŒ§,ŠâèŒS´Î’¬,data2500/iwate/03301.lzh
ŠâèŒ§,ŠâèŒSŠâè’¬,data2500/iwate/03303.lzh
ŠâèŒ§,ŠâèŒS¼ª’¬,data2500/iwate/03304.lzh
ŠâèŒ§,ŠâèŒS‘ê‘ò‘º,data2500/iwate/03305.lzh
ŠâèŒ§,ŠâèŒS‹ÊR‘º,data2500/iwate/03307.lzh
ŠâèŒ§,‡”gŒS‡”g’¬,data2500/iwate/03321.lzh
ŠâèŒ§,‡”gŒS–î‹Ğ’¬,data2500/iwate/03322.lzh
ŠâèŒ§,•BŠÑŒSÎ’¹’J’¬,data2500/iwate/03342.lzh
ŠâèŒ§,˜a‰êŒS“Œ˜a’¬,data2500/iwate/03361.lzh
ŠâèŒ§,’_‘òŒS‹àƒPè’¬,data2500/iwate/03381.lzh
ŠâèŒ§,’_‘òŒS‘O‘ò’¬,data2500/iwate/03382.lzh
ŠâèŒ§,’_‘òŒS’_‘ò’¬,data2500/iwate/03383.lzh
ŠâèŒ§,¼”ÖˆäŒS•½ò’¬,data2500/iwate/03402.lzh
ŠâèŒ§,“Œ”ÖˆäŒSç‰X’¬,data2500/iwate/03423.lzh
ŠâèŒ§,“Œ”ÖˆäŒS“ŒR’¬,data2500/iwate/03424.lzh
ŠâèŒ§,ã•ÂˆÉŒS‘å’Æ’¬,data2500/iwate/03461.lzh
ŠâèŒ§,‰º•ÂˆÉŒSR“c’¬,data2500/iwate/03482.lzh
ŠâèŒ§,‰º•ÂˆÉŒSŠâò’¬,data2500/iwate/03483.lzh
ŠâèŒ§,‹ãŒËŒS–ì“c‘º,data2500/iwate/03503.lzh
ŠâèŒ§,“ñŒËŒSˆêŒË’¬,data2500/iwate/03524.lzh
‹{éŒ§,å‘äsÂ—t‹æ,data2500/miyagi/04101.lzh
‹{éŒ§,å‘äs‹{é–ì‹æ,data2500/miyagi/04102.lzh
‹{éŒ§,å‘äsá—Ñ‹æ,data2500/miyagi/04103.lzh
‹{éŒ§,å‘äs‘¾”’‹æ,data2500/miyagi/04104.lzh
‹{éŒ§,å‘äsò‹æ,data2500/miyagi/04105.lzh
‹{éŒ§,ÎŠªs,data2500/miyagi/04202.lzh
‹{éŒ§,‰–Š–s,data2500/miyagi/04203.lzh
‹{éŒ§,ŒÃìs,data2500/miyagi/04204.lzh
‹{éŒ§,‹CåÀs,data2500/miyagi/04205.lzh
‹{éŒ§,”’Îs,data2500/miyagi/04206.lzh
‹{éŒ§,–¼æs,data2500/miyagi/04207.lzh
‹{éŒ§,Šp“cs,data2500/miyagi/04208.lzh
‹{éŒ§,‘½‰êés,data2500/miyagi/04209.lzh
‹{éŒ§,ŠâÀs,data2500/miyagi/04211.lzh
‹{éŒ§,Š “cŒS‘ ‰¤’¬,data2500/miyagi/04301.lzh
‹{éŒ§,Ä“cŒS‘å‰ÍŒ´’¬,data2500/miyagi/04321.lzh
‹{éŒ§,Ä“cŒS‘º“c’¬,data2500/miyagi/04322.lzh
‹{éŒ§,Ä“cŒSÄ“c’¬,data2500/miyagi/04323.lzh
‹{éŒ§,Ä“cŒSìè’¬,data2500/miyagi/04324.lzh
‹{éŒ§,ˆÉ‹ïŒSŠÛX’¬,data2500/miyagi/04341.lzh
‹{éŒ§,˜j—ŒS˜j—’¬,data2500/miyagi/04361.lzh
‹{éŒ§,˜j—ŒSRŒ³’¬,data2500/miyagi/04362.lzh
‹{éŒ§,‹{éŒS¼“‡’¬,data2500/miyagi/04401.lzh
‹{éŒ§,‹{éŒSµƒP•l’¬,data2500/miyagi/04404.lzh
‹{éŒ§,‹{éŒS—˜•{’¬,data2500/miyagi/04406.lzh
‹{éŒ§,•ìŒS‘å˜a’¬,data2500/miyagi/04421.lzh
‹{éŒ§,•ìŒS‘å‹½’¬,data2500/miyagi/04422.lzh
‹{éŒ§,•ìŒS•x’J’¬,data2500/miyagi/04423.lzh
‹{éŒ§,•ìŒS‘åt‘º,data2500/miyagi/04424.lzh
‹{éŒ§,‰Á”üŒS’†V“c’¬iŒ»İ‚Í‰Á”ü’¬j,data2500/miyagi/04441.lzh
‹{éŒ§,u“cŒSO–{–Ø’¬,data2500/miyagi/04462.lzh
‹{éŒ§,u“cŒS­“‡‘ä’¬,data2500/miyagi/04463.lzh
‹{éŒ§,‹Ê‘¢ŒSŠâoR’¬,data2500/miyagi/04481.lzh
‹{éŒ§,‹Ê‘¢ŒS–Âq’¬,data2500/miyagi/04482.lzh
‹{éŒ§,‰““cŒS—O’J’¬,data2500/miyagi/04501.lzh
‹{éŒ§,‰““cŒS¬‹“c’¬,data2500/miyagi/04503.lzh
‹{éŒ§,ŒIŒ´ŒS’zŠÙ’¬,data2500/miyagi/04521.lzh
‹{éŒ§,ŒIŒ´ŒSá–ö’¬,data2500/miyagi/04522.lzh
‹{éŒ§,ŒIŒ´ŒSŒI‹î’¬,data2500/miyagi/04523.lzh
‹{éŒ§,ŒIŒ´ŒSéò‘ò’¬,data2500/miyagi/04527.lzh
‹{éŒ§,ŒIŒ´ŒS‹à¬’¬,data2500/miyagi/04528.lzh
‹{éŒ§,ŒIŒ´ŒSu”g•P’¬,data2500/miyagi/04529.lzh
‹{éŒ§,“o•ÄŒS”—’¬,data2500/miyagi/04541.lzh
‹{éŒ§,“o•ÄŒS“o•Ä’¬,data2500/miyagi/04542.lzh
‹{éŒ§,“o•ÄŒS“Œ˜a’¬,data2500/miyagi/04543.lzh
‹{éŒ§,“o•ÄŒS’†“c’¬,data2500/miyagi/04544.lzh
‹{éŒ§,“o•ÄŒS–L—¢’¬,data2500/miyagi/04545.lzh
‹{éŒ§,“o•ÄŒSÎ‰z’¬,data2500/miyagi/04547.lzh
‹{éŒ§,“¶ŒS‰Í–k’¬,data2500/miyagi/04561.lzh
‹{éŒ§,“¶ŒS–î–{’¬,data2500/miyagi/04562.lzh
‹{éŒ§,“¶ŒS—YŸ’¬,data2500/miyagi/04563.lzh
‹{éŒ§,“¶ŒS‰Í“ì’¬,data2500/miyagi/04564.lzh
‹{éŒ§,“¶ŒS–Â£’¬,data2500/miyagi/04566.lzh
‹{éŒ§,‰²­ŒS—ì’¬,data2500/miyagi/04581.lzh
‹{éŒ§,‰²­ŒS‰²­’¬,data2500/miyagi/04582.lzh
‹{éŒ§,–{‹gŒSu’Ãì’¬,data2500/miyagi/04601.lzh
‹{éŒ§,–{‹gŒS’ÃR’¬,data2500/miyagi/04602.lzh
H“cŒ§,H“cs,data2500/akita/05201.lzh
H“cŒ§,”\‘ãs,data2500/akita/05202.lzh
H“cŒ§,‰¡ès,data2500/akita/05203.lzh
H“cŒ§,‘åŠÙs,data2500/akita/05204.lzh
H“cŒ§,–{‘‘s,data2500/akita/05205.lzh
H“cŒ§,’j­s,data2500/akita/05206.lzh
H“cŒ§,“’‘òs,data2500/akita/05207.lzh
H“cŒ§,‘å‹Ès,data2500/akita/05208.lzh
H“cŒ§,­Šps,data2500/akita/05209.lzh
H“cŒ§,­ŠpŒS¬â’¬,data2500/akita/05303.lzh
H“cŒ§,–kH“cŒS‘é‘ƒ’¬,data2500/akita/05321.lzh
H“cŒ§,–kH“cŒS”ä“à’¬,data2500/akita/05322.lzh
H“cŒ§,–kH“cŒSX‹g’¬,data2500/akita/05323.lzh
H“cŒ§,–kH“cŒS‡ì’¬,data2500/akita/05326.lzh
H“cŒ§,R–{ŒS“ñƒbˆä’¬,data2500/akita/05342.lzh
H“cŒ§,“ìH“cŒSŒÜé–Ú’¬,data2500/akita/05361.lzh
H“cŒ§,“ìH“cŒSº˜a’¬,data2500/akita/05362.lzh
H“cŒ§,“ìH“cŒS”ª˜YŠƒ’¬,data2500/akita/05363.lzh
H“cŒ§,“ìH“cŒS”Ñ“cì’¬,data2500/akita/05364.lzh
H“cŒ§,“ìH“cŒS“V‰¤’¬,data2500/akita/05365.lzh
H“cŒ§,‰Í•ÓŒS‰Í•Ó’¬,data2500/akita/05381.lzh
H“cŒ§,‰Í•ÓŒS—Y˜a’¬,data2500/akita/05382.lzh
H“cŒ§,—R—˜ŒSm‰ê•Û’¬,data2500/akita/05401.lzh
H“cŒ§,—R—˜ŒS‹à‰Y’¬,data2500/akita/05402.lzh
H“cŒ§,—R—˜ŒSÛŠƒ’¬,data2500/akita/05403.lzh
H“cŒ§,—R—˜ŒS–î“‡’¬,data2500/akita/05404.lzh
H“cŒ§,å–kŒS_‰ª’¬,data2500/akita/05421.lzh
H“cŒ§,å–kŒS¼å–k’¬,data2500/akita/05422.lzh
H“cŒ§,å–kŒSŠpŠÙ’¬,data2500/akita/05423.lzh
H“cŒ§,å–kŒS˜Z‹½’¬,data2500/akita/05424.lzh
H“cŒ§,å–kŒS“c‘òŒÎ’¬,data2500/akita/05426.lzh
H“cŒ§,•½­ŒS‘“c’¬,data2500/akita/05441.lzh
H“cŒ§,•½­ŒS•½­’¬,data2500/akita/05442.lzh
H“cŒ§,•½­ŒS\•¶š’¬,data2500/akita/05445.lzh
RŒ`Œ§,RŒ`s,data2500/yamagata/06201.lzh
RŒ`Œ§,•Ä‘òs,data2500/yamagata/06202.lzh
RŒ`Œ§,’ß‰ªs,data2500/yamagata/06203.lzh
RŒ`Œ§,ğ“cs,data2500/yamagata/06204.lzh
RŒ`Œ§,V¯s,data2500/yamagata/06205.lzh
RŒ`Œ§,Š¦‰Í]s,data2500/yamagata/06206.lzh
RŒ`Œ§,ãRs,data2500/yamagata/06207.lzh
RŒ`Œ§,‘ºRs,data2500/yamagata/06208.lzh
RŒ`Œ§,’·ˆäs,data2500/yamagata/06209.lzh
RŒ`Œ§,“V“¶s,data2500/yamagata/06210.lzh
RŒ`Œ§,“Œªs,data2500/yamagata/06211.lzh
RŒ`Œ§,”ö‰Ô‘òs,data2500/yamagata/06212.lzh
RŒ`Œ§,“ì—zs,data2500/yamagata/06213.lzh
RŒ`Œ§,“Œ‘ºRŒSR•Ó’¬,data2500/yamagata/06301.lzh
RŒ`Œ§,“Œ‘ºRŒS’†R’¬,data2500/yamagata/06302.lzh
RŒ`Œ§,¼‘ºRŒS‰Í–k’¬,data2500/yamagata/06321.lzh
RŒ`Œ§,¼‘ºRŒS’©“ú’¬,data2500/yamagata/06323.lzh
RŒ`Œ§,¼‘ºRŒS‘å]’¬,data2500/yamagata/06324.lzh
RŒ`Œ§,–k‘ºRŒS‘åÎ“c’¬,data2500/yamagata/06341.lzh
RŒ`Œ§,ÅãŒS‹àR’¬,data2500/yamagata/06361.lzh
RŒ`Œ§,ÅãŒSÅã’¬,data2500/yamagata/06362.lzh
RŒ`Œ§,ÅãŒS^ºì’¬,data2500/yamagata/06364.lzh
RŒ`Œ§,“Œ’u’ŒS‚”©’¬,data2500/yamagata/06381.lzh
RŒ`Œ§,“Œ’u’ŒSì¼’¬,data2500/yamagata/06382.lzh
RŒ`Œ§,¼’u’ŒS¬‘’¬,data2500/yamagata/06401.lzh
RŒ`Œ§,¼’u’ŒS”’‘é’¬,data2500/yamagata/06402.lzh
RŒ`Œ§,“Œ“cìŒS—]–Ú’¬,data2500/yamagata/06422.lzh
RŒ`Œ§,“Œ“cìŒS“¡“‡’¬,data2500/yamagata/06423.lzh
RŒ`Œ§,“Œ“cìŒS‹ùˆø’¬,data2500/yamagata/06425.lzh
RŒ`Œ§,“Œ“cìŒSOì’¬,data2500/yamagata/06426.lzh
RŒ`Œ§,¼“cìŒS‰·ŠC’¬,data2500/yamagata/06441.lzh
RŒ`Œ§,–OŠCŒS—V²’¬,data2500/yamagata/06461.lzh
RŒ`Œ§,–OŠCŒS”ª”¦’¬,data2500/yamagata/06462.lzh
•Ÿ“‡Œ§,•Ÿ“‡s,data2500/fukusima/07201.lzh
•Ÿ“‡Œ§,‰ï’Ãá¼s,data2500/fukusima/07202.lzh
•Ÿ“‡Œ§,ŒSRs,data2500/fukusima/07203.lzh
•Ÿ“‡Œ§,‚¢‚í‚«s,data2500/fukusima/07204.lzh
•Ÿ“‡Œ§,”’‰Ís,data2500/fukusima/07205.lzh
•Ÿ“‡Œ§,Œ´’¬s,data2500/fukusima/07206.lzh
•Ÿ“‡Œ§,{‰êìs,data2500/fukusima/07207.lzh
•Ÿ“‡Œ§,Šì‘½•ûs,data2500/fukusima/07208.lzh
•Ÿ“‡Œ§,‘Š”ns,data2500/fukusima/07209.lzh
•Ÿ“‡Œ§,“ñ–{¼s,data2500/fukusima/07210.lzh
•Ÿ“‡Œ§,ˆÉ’BŒSŒKÜ’¬,data2500/fukusima/07301.lzh
•Ÿ“‡Œ§,ˆÉ’BŒSˆÉ’B’¬,data2500/fukusima/07302.lzh
•Ÿ“‡Œ§,ˆÉ’BŒS‘Œ©’¬,data2500/fukusima/07303.lzh
•Ÿ“‡Œ§,ˆÉ’BŒS—Àì’¬,data2500/fukusima/07304.lzh
•Ÿ“‡Œ§,ˆÉ’BŒS•ÛŒ´’¬,data2500/fukusima/07305.lzh
•Ÿ“‡Œ§,ˆÉ’BŒS—ìR’¬,data2500/fukusima/07306.lzh
•Ÿ“‡Œ§,ˆÉ’BŒSì–“’¬,data2500/fukusima/07308.lzh
•Ÿ“‡Œ§,ˆÀ’BŒSˆÀ’B’¬,data2500/fukusima/07321.lzh
•Ÿ“‡Œ§,ˆÀ’BŒS‘å‹Ê‘º,data2500/fukusima/07322.lzh
•Ÿ“‡Œ§,ˆÀ’BŒS–{‹{’¬,data2500/fukusima/07323.lzh
•Ÿ“‡Œ§,ˆÀ’BŒS”’‘ò‘º,data2500/fukusima/07324.lzh
•Ÿ“‡Œ§,ˆÀ’BŒSŠâ‘ã’¬,data2500/fukusima/07325.lzh
•Ÿ“‡Œ§,Šâ£ŒS‹¾Î’¬,data2500/fukusima/07342.lzh
•Ÿ“‡Œ§,“ì‰ï’ÃŒS“c“‡’¬,data2500/fukusima/07361.lzh
•Ÿ“‡Œ§,“ì‰ï’ÃŒSˆÉ“ì‘º,data2500/fukusima/07365.lzh
•Ÿ“‡Œ§,–k‰ï’ÃŒS–k‰ï’Ã‘º,data2500/fukusima/07381.lzh
•Ÿ“‡Œ§,–ë–ƒŒS‰–ì’¬,data2500/fukusima/07403.lzh
•Ÿ“‡Œ§,–ë–ƒŒS’–•c‘ã’¬,data2500/fukusima/07408.lzh
•Ÿ“‡Œ§,‰ÍÀŒS‰ï’Ãâ‰º’¬,data2500/fukusima/07421.lzh
•Ÿ“‡Œ§,‰ÍÀŒS“’ì‘º,data2500/fukusima/07422.lzh
•Ÿ“‡Œ§,‰ÍÀŒS‰Í“Œ’¬,data2500/fukusima/07424.lzh
•Ÿ“‡Œ§,‘åÀŒS‰ï’Ã‚“c’¬,data2500/fukusima/07441.lzh
•Ÿ“‡Œ§,‘åÀŒS‰ï’Ã–{‹½’¬,data2500/fukusima/07442.lzh
•Ÿ“‡Œ§,¼”’‰ÍŒS¼‹½‘º,data2500/fukusima/07461.lzh
•Ÿ“‡Œ§,¼”’‰ÍŒS’†“‡‘º,data2500/fukusima/07465.lzh
•Ÿ“‡Œ§,¼”’‰ÍŒS–î’¬,data2500/fukusima/07466.lzh
•Ÿ“‡Œ§,¼”’‰ÍŒS‘åM‘º,data2500/fukusima/07467.lzh
•Ÿ“‡Œ§,“Œ”’ìŒS’I‘q’¬,data2500/fukusima/07481.lzh
•Ÿ“‡Œ§,“Œ”’ìŒS”·’¬,data2500/fukusima/07483.lzh
•Ÿ“‡Œ§,ÎìŒSÎì’¬,data2500/fukusima/07501.lzh
•Ÿ“‡Œ§,ÎìŒSóì’¬,data2500/fukusima/07504.lzh
•Ÿ“‡Œ§,“c‘ºŒSOt’¬,data2500/fukusima/07521.lzh
•Ÿ“‡Œ§,“c‘ºŒS¬–ì’¬,data2500/fukusima/07522.lzh
•Ÿ“‡Œ§,“c‘ºŒS‘êª’¬,data2500/fukusima/07523.lzh
•Ÿ“‡Œ§,“c‘ºŒSí—t’¬,data2500/fukusima/07526.lzh
•Ÿ“‡Œ§,“c‘ºŒS‘Dˆø’¬,data2500/fukusima/07527.lzh
•Ÿ“‡Œ§,‘o—tŒS“è—t’¬,data2500/fukusima/07542.lzh
•Ÿ“‡Œ§,‘o—tŒS•x‰ª’¬,data2500/fukusima/07543.lzh
•Ÿ“‡Œ§,‘o—tŒS‘åŒF’¬,data2500/fukusima/07545.lzh
•Ÿ“‡Œ§,‘o—tŒS‘o—t’¬,data2500/fukusima/07546.lzh
•Ÿ“‡Œ§,‘o—tŒS˜Q]’¬,data2500/fukusima/07547.lzh
•Ÿ“‡Œ§,‘Š”nŒSV’n’¬,data2500/fukusima/07561.lzh
•Ÿ“‡Œ§,‘Š”nŒS­“‡’¬,data2500/fukusima/07562.lzh
•Ÿ“‡Œ§,‘Š”nŒS¬‚’¬,data2500/fukusima/07563.lzh
ˆïéŒ§,…ŒËs,data2500/ibaraki/08201.lzh
ˆïéŒ§,“ú—§s,data2500/ibaraki/08202.lzh
ˆïéŒ§,“y‰Ys,data2500/ibaraki/08203.lzh
ˆïéŒ§,ŒÃ‰Ís,data2500/ibaraki/08204.lzh
ˆïéŒ§,Î‰ªs,data2500/ibaraki/08205.lzh
ˆïéŒ§,‰ºŠÙs,data2500/ibaraki/08206.lzh
ˆïéŒ§,Œ‹és,data2500/ibaraki/08207.lzh
ˆïéŒ§,—´ƒPès,data2500/ibaraki/08208.lzh
ˆïéŒ§,‰ºÈs,data2500/ibaraki/08210.lzh
ˆïéŒ§,…ŠC“¹s,data2500/ibaraki/08211.lzh
ˆïéŒ§,í—¤‘¾“cs,data2500/ibaraki/08212.lzh
ˆïéŒ§,‚”‹s,data2500/ibaraki/08214.lzh
ˆïéŒ§,–kˆïés,data2500/ibaraki/08215.lzh
ˆïéŒ§,Š}ŠÔs,data2500/ibaraki/08216.lzh
ˆïéŒ§,æès,data2500/ibaraki/08217.lzh
ˆïéŒ§,Šâˆäs,data2500/ibaraki/08218.lzh
ˆïéŒ§,‹‹vs,data2500/ibaraki/08219.lzh
ˆïéŒ§,‚Â‚­‚Îs,data2500/ibaraki/08220.lzh
ˆïéŒ§,‚Ğ‚½‚¿‚È‚©s,data2500/ibaraki/08221.lzh
ˆïéŒ§,­“ˆs,data2500/ibaraki/08222.lzh
ˆïéŒ§,’ª—ˆs,data2500/ibaraki/08223.lzh
ˆïéŒ§,ç’Js,data2500/ibaraki/08561.lzh
ˆïéŒ§,“ŒˆïéŒSˆïé’¬,data2500/ibaraki/08302.lzh
ˆïéŒ§,“ŒˆïéŒS¬ì’¬,data2500/ibaraki/08303.lzh
ˆïéŒ§,“ŒˆïéŒS”ü–ì—¢’¬,data2500/ibaraki/08304.lzh
ˆïéŒ§,“ŒˆïéŒS“àŒ´’¬,data2500/ibaraki/08305.lzh
ˆïéŒ§,“ŒˆïéŒSí–k’¬,data2500/ibaraki/08306.lzh
ˆïéŒ§,“ŒˆïéŒS‘åô’¬,data2500/ibaraki/08309.lzh
ˆïéŒ§,¼ˆïéŒS—F•”’¬,data2500/ibaraki/08321.lzh
ˆïéŒ§,¼ˆïéŒSŠâŠÔ’¬,data2500/ibaraki/08322.lzh
ˆïéŒ§,¼ˆïéŒSŠâ£’¬,data2500/ibaraki/08324.lzh
ˆïéŒ§,“ß‰ÏŒS“ŒŠC‘º,data2500/ibaraki/08341.lzh
ˆïéŒ§,“ß‰ÏŒS“ß‰Ï’¬,data2500/ibaraki/08342.lzh
ˆïéŒ§,“ß‰ÏŒS‰Z˜A’¬,data2500/ibaraki/08343.lzh
ˆïéŒ§,“ß‰ÏŒS‘å‹{’¬,data2500/ibaraki/08344.lzh
ˆïéŒ§,‹vœŒS‘åq’¬,data2500/ibaraki/08364.lzh
ˆïéŒ§,‘½‰êŒS\‰¤’¬,data2500/ibaraki/08381.lzh
ˆïéŒ§,­“‡ŒSˆ®‘º,data2500/ibaraki/08401.lzh
ˆïéŒ§,­“‡ŒS–g“c’¬,data2500/ibaraki/08402.lzh
ˆïéŒ§,­“‡ŒS‘å—m‘º,data2500/ibaraki/08403.lzh
ˆïéŒ§,­“‡ŒS_²’¬,data2500/ibaraki/08406.lzh
ˆïéŒ§,­“‡ŒS”gè’¬,data2500/ibaraki/08407.lzh
ˆïéŒ§,s•ûŒS–ƒ¶’¬,data2500/ibaraki/08421.lzh
ˆïéŒ§,s•ûŒS–k‰Y’¬,data2500/ibaraki/08424.lzh
ˆïéŒ§,s•ûŒS‹Ê‘¢’¬,data2500/ibaraki/08425.lzh
ˆïéŒ§,ˆî•~ŒS]ŒËè’¬,data2500/ibaraki/08441.lzh
ˆïéŒ§,ˆî•~ŒS”ü‰Y‘º,data2500/ibaraki/08442.lzh
ˆïéŒ§,ˆî•~ŒSˆ¢Œ©’¬,data2500/ibaraki/08443.lzh
ˆïéŒ§,ˆî•~ŒSV—˜ª’¬,data2500/ibaraki/08446.lzh
ˆïéŒ§,ˆî•~ŒS‰Í“à’¬,data2500/ibaraki/08447.lzh
ˆïéŒ§,ˆî•~ŒS÷ì‘º,data2500/ibaraki/08448.lzh
ˆïéŒ§,ˆî•~ŒS“Œ’¬,data2500/ibaraki/08449.lzh
ˆïéŒ§,V¡ŒS‰àƒP‰Y’¬,data2500/ibaraki/08461.lzh
ˆïéŒ§,V¡ŒS‹Ê—¢‘º,data2500/ibaraki/08462.lzh
ˆïéŒ§,V¡ŒS”ª‹½’¬,data2500/ibaraki/08463.lzh
ˆïéŒ§,V¡ŒSç‘ã“c’¬,data2500/ibaraki/08464.lzh
ˆïéŒ§,V¡ŒSV¡‘º,data2500/ibaraki/08465.lzh
ˆïéŒ§,’}”gŒSˆÉ“Ş’¬,data2500/ibaraki/08482.lzh
ˆïéŒ§,’}”gŒS’J˜aŒ´‘º,data2500/ibaraki/08483.lzh
ˆïéŒ§,^•ÇŒSŠÖé’¬,data2500/ibaraki/08501.lzh
ˆïéŒ§,^•ÇŒS–¾–ì’¬,data2500/ibaraki/08502.lzh
ˆïéŒ§,^•ÇŒS^•Ç’¬,data2500/ibaraki/08503.lzh
ˆïéŒ§,^•ÇŒS‘å˜a‘º,data2500/ibaraki/08504.lzh
ˆïéŒ§,^•ÇŒS‹¦˜a’¬,data2500/ibaraki/08505.lzh
ˆïéŒ§,Œ‹éŒS”ªç‘ã’¬,data2500/ibaraki/08521.lzh
ˆïéŒ§,Œ‹éŒSç‘ãì‘º,data2500/ibaraki/08522.lzh
ˆïéŒ§,Œ‹éŒSÎ‰º’¬,data2500/ibaraki/08523.lzh
ˆïéŒ§,‰“‡ŒS‘˜a’¬,data2500/ibaraki/08541.lzh
ˆïéŒ§,‰“‡ŒSŒÜ‰à’¬,data2500/ibaraki/08542.lzh
ˆïéŒ§,‰“‡ŒSO˜a’¬,data2500/ibaraki/08543.lzh
ˆïéŒ§,‰“‡ŒS‰“‡’¬,data2500/ibaraki/08544.lzh
ˆïéŒ§,‰“‡ŒS‹«’¬,data2500/ibaraki/08546.lzh
ˆïéŒ§,–k‘Š”nŒS“¡‘ã’¬,data2500/ibaraki/08563.lzh
ˆïéŒ§,–k‘Š”nŒS—˜ª’¬,data2500/ibaraki/08564.lzh
“È–ØŒ§,‰F“s‹{s,data2500/tochigi/09201.lzh
“È–ØŒ§,‘«—˜s,data2500/tochigi/09202.lzh
“È–ØŒ§,“È–Øs,data2500/tochigi/09203.lzh
“È–ØŒ§,²–ìs,data2500/tochigi/09204.lzh
“È–ØŒ§,­Às,data2500/tochigi/09205.lzh
“È–ØŒ§,“úŒõs,data2500/tochigi/09206.lzh
“È–ØŒ§,¡ss,data2500/tochigi/09207.lzh
“È–ØŒ§,¬Rs,data2500/tochigi/09208.lzh
“È–ØŒ§,^‰ªs,data2500/tochigi/09209.lzh
“È–ØŒ§,‘å“cŒ´s,data2500/tochigi/09210.lzh
“È–ØŒ§,–î”Âs,data2500/tochigi/09211.lzh
“È–ØŒ§,•ˆés,data2500/tochigi/09212.lzh
“È–ØŒ§,‰Í“àŒSãOì’¬,data2500/tochigi/09301.lzh
“È–ØŒ§,‰Í“àŒS“ì‰Í“à’¬,data2500/tochigi/09302.lzh
“È–ØŒ§,‰Í“àŒSã‰Í“à’¬,data2500/tochigi/09303.lzh
“È–ØŒ§,‰Í“àŒS‰Í“à’¬,data2500/tochigi/09304.lzh
“È–ØŒ§,ã“s‰êŒS¼•û’¬,data2500/tochigi/09321.lzh
“È–ØŒ§,ã“s‰êŒSˆ¾–ì’¬,data2500/tochigi/09322.lzh
“È–ØŒ§,–F‰êŒS“ñ‹{’¬,data2500/tochigi/09341.lzh
“È–ØŒ§,–F‰êŒS‰vq’¬,data2500/tochigi/09342.lzh
“È–ØŒ§,–F‰êŒS–Î–Ø’¬,data2500/tochigi/09343.lzh
“È–ØŒ§,–F‰êŒSsŠL’¬,data2500/tochigi/09344.lzh
“È–ØŒ§,–F‰êŒS–F‰ê’¬,data2500/tochigi/09345.lzh
“È–ØŒ§,‰º“s‰êŒSp¶’¬,data2500/tochigi/09361.lzh
“È–ØŒ§,‰º“s‰êŒSÎ‹´’¬,data2500/tochigi/09362.lzh
“È–ØŒ§,‰º“s‰êŒS‘•ª›’¬,data2500/tochigi/09363.lzh
“È–ØŒ§,‰º“s‰êŒS–ì–Ø’¬,data2500/tochigi/09364.lzh
“È–ØŒ§,‰º“s‰êŒS‘å•½’¬,data2500/tochigi/09365.lzh
“È–ØŒ§,‰º“s‰êŒS“¡‰ª’¬,data2500/tochigi/09366.lzh
“È–ØŒ§,‰º“s‰êŒSŠâM’¬,data2500/tochigi/09367.lzh
“È–ØŒ§,‰º“s‰êŒS“s‰ê’¬,data2500/tochigi/09368.lzh
“È–ØŒ§,‰–’JŒS“¡Œ´’¬,data2500/tochigi/09383.lzh
“È–ØŒ§,‰–’JŒS‰–’J’¬,data2500/tochigi/09384.lzh
“È–ØŒ§,‰–’JŒS‰Æ’¬,data2500/tochigi/09385.lzh
“È–ØŒ§,‰–’JŒS‚ª‘ò’¬,data2500/tochigi/09386.lzh
“È–ØŒ§,‰–’JŒSŠì˜Aì’¬,data2500/tochigi/09387.lzh
“È–ØŒ§,“ß{ŒS“ì“ß{’¬,data2500/tochigi/09401.lzh
“È–ØŒ§,“ß{ŒS‰GR’¬,data2500/tochigi/09402.lzh
“È–ØŒ§,“ß{ŒS”n“ª’¬,data2500/tochigi/09403.lzh
“È–ØŒ§,“ß{ŒS“ß{’¬,data2500/tochigi/09407.lzh
“È–ØŒ§,“ß{ŒS¼“ß{–ì’¬,data2500/tochigi/09409.lzh
“È–ØŒ§,“ß{ŒS‰–Œ´’¬,data2500/tochigi/09410.lzh
“È–ØŒ§,ˆÀ‘hŒS“cÀ’¬,data2500/tochigi/09421.lzh
“È–ØŒ§,ˆÀ‘hŒSŠ‹¶’¬,data2500/tochigi/09422.lzh
ŒQ”nŒ§,‘O‹´s,data2500/gunma/10201.lzh
ŒQ”nŒ§,‚ès,data2500/gunma/10202.lzh
ŒQ”nŒ§,‹Ë¶s,data2500/gunma/10203.lzh
ŒQ”nŒ§,ˆÉ¨ès,data2500/gunma/10204.lzh
ŒQ”nŒ§,‘¾“cs,data2500/gunma/10205.lzh
ŒQ”nŒ§,À“cs,data2500/gunma/10206.lzh
ŒQ”nŒ§,ŠÙ—Ñs,data2500/gunma/10207.lzh
ŒQ”nŒ§,aìs,data2500/gunma/10208.lzh
ŒQ”nŒ§,“¡‰ªs,data2500/gunma/10209.lzh
ŒQ”nŒ§,•x‰ªs,data2500/gunma/10210.lzh
ŒQ”nŒ§,ˆÀ’†s,data2500/gunma/10211.lzh
ŒQ”nŒ§,¨‘½ŒS–k‹k‘º,data2500/gunma/10301.lzh
ŒQ”nŒ§,¨‘½ŒS•xmŒ©‘º,data2500/gunma/10303.lzh
ŒQ”nŒ§,¨‘½ŒS‘åŒÓ’¬,data2500/gunma/10304.lzh
ŒQ”nŒ§,¨‘½ŒS‹{é‘º,data2500/gunma/10305.lzh
ŒQ”nŒ§,¨‘½ŒS””ì‘º,data2500/gunma/10306.lzh
ŒQ”nŒ§,¨‘½ŒSV—¢‘º,data2500/gunma/10307.lzh
ŒQ”nŒ§,ŒQ”nŒSY–¼’¬,data2500/gunma/10321.lzh
ŒQ”nŒ§,ŒQ”nŒS–¥‹½’¬,data2500/gunma/10323.lzh
ŒQ”nŒ§,ŒQ”nŒSŒQ”n’¬,data2500/gunma/10324.lzh
ŒQ”nŒ§,–kŒQ”nŒSˆÉ•Û’¬,data2500/gunma/10343.lzh
ŒQ”nŒ§,–kŒQ”nŒSY“Œ‘º,data2500/gunma/10344.lzh
ŒQ”nŒ§,–kŒQ”nŒS‹g‰ª’¬,data2500/gunma/10345.lzh
ŒQ”nŒ§,‘½–ìŒSV’¬,data2500/gunma/10361.lzh
ŒQ”nŒ§,‘½–ìŒS‹SÎ’¬,data2500/gunma/10362.lzh
ŒQ”nŒ§,‘½–ìŒS‹gˆä’¬,data2500/gunma/10363.lzh
ŒQ”nŒ§,ŠÃŠyŒS‰ºm“c’¬,data2500/gunma/10382.lzh
ŒQ”nŒ§,ŠÃŠyŒSŠÃŠy’¬,data2500/gunma/10384.lzh
ŒQ”nŒ§,‰O•XŒS¼ˆä“c’¬,data2500/gunma/10401.lzh
ŒQ”nŒ§,ŒáÈŒS’†”Vğ’¬,data2500/gunma/10421.lzh
ŒQ”nŒ§,ŒáÈŒSŒáÈ’¬,data2500/gunma/10423.lzh
ŒQ”nŒ§,ŒáÈŒS‘’Ã’¬,data2500/gunma/10426.lzh
ŒQ”nŒ§,—˜ªŒSŒ–é–ì’¬,data2500/gunma/10445.lzh
ŒQ”nŒ§,—˜ªŒS…ã’¬,data2500/gunma/10446.lzh
ŒQ”nŒ§,²”gŒSÔ–x’¬,data2500/gunma/10461.lzh
ŒQ”nŒ§,²”gŒS“Œ‘º,data2500/gunma/10462.lzh
ŒQ”nŒ§,²”gŒS‹«’¬,data2500/gunma/10463.lzh
ŒQ”nŒ§,²”gŒS‹Ê‘º’¬,data2500/gunma/10464.lzh
ŒQ”nŒ§,V“cŒS”ö“‡’¬,data2500/gunma/10481.lzh
ŒQ”nŒ§,V“cŒSV“c’¬,data2500/gunma/10482.lzh
ŒQ”nŒ§,V“cŒS–÷’Ë–{’¬,data2500/gunma/10483.lzh
ŒQ”nŒ§,V“cŒSŠ}Œœ’¬,data2500/gunma/10484.lzh
ŒQ”nŒ§,R“cŒS‘åŠÔX’¬,data2500/gunma/10501.lzh
ŒQ”nŒ§,—WŠyŒS”Â‘q’¬,data2500/gunma/10521.lzh
ŒQ”nŒ§,—WŠyŒS–¾˜a’¬,data2500/gunma/10522.lzh
ŒQ”nŒ§,—WŠyŒSç‘ã“c’¬,data2500/gunma/10523.lzh
ŒQ”nŒ§,—WŠyŒS‘åò’¬,data2500/gunma/10524.lzh
ŒQ”nŒ§,—WŠyŒS—WŠy’¬,data2500/gunma/10525.lzh
é‹ÊŒ§,‚³‚¢‚½‚Üs,data2500/saitama/11244.lzh
é‹ÊŒ§,ì‰zs,data2500/saitama/11201.lzh
é‹ÊŒ§,ŒF’Js,data2500/saitama/11202.lzh
é‹ÊŒ§,ìŒûs,data2500/saitama/11203.lzh
é‹ÊŒ§,s“cs,data2500/saitama/11206.lzh
é‹ÊŒ§,’•ƒs,data2500/saitama/11207.lzh
é‹ÊŒ§,Š‘òs,data2500/saitama/11208.lzh
é‹ÊŒ§,”Ñ”\s,data2500/saitama/11209.lzh
é‹ÊŒ§,‰Á{s,data2500/saitama/11210.lzh
é‹ÊŒ§,–{¯s,data2500/saitama/11211.lzh
é‹ÊŒ§,“Œ¼Rs,data2500/saitama/11212.lzh
é‹ÊŒ§,Šâ’Îs,data2500/saitama/11213.lzh
é‹ÊŒ§,t“ú•”s,data2500/saitama/11214.lzh
é‹ÊŒ§,‹·Rs,data2500/saitama/11215.lzh
é‹ÊŒ§,‰H¶s,data2500/saitama/11216.lzh
é‹ÊŒ§,ƒ‘ƒs,data2500/saitama/11217.lzh
é‹ÊŒ§,[’Js,data2500/saitama/11218.lzh
é‹ÊŒ§,ã”ös,data2500/saitama/11219.lzh
é‹ÊŒ§,‘‰Ás,data2500/saitama/11221.lzh
é‹ÊŒ§,‰z’Js,data2500/saitama/11222.lzh
é‹ÊŒ§,˜ns,data2500/saitama/11223.lzh
é‹ÊŒ§,ŒË“cs,data2500/saitama/11224.lzh
é‹ÊŒ§,“üŠÔs,data2500/saitama/11225.lzh
é‹ÊŒ§,”µƒP’Js,data2500/saitama/11226.lzh
é‹ÊŒ§,’©‰às,data2500/saitama/11227.lzh
é‹ÊŒ§,u–Øs,data2500/saitama/11228.lzh
é‹ÊŒ§,˜aŒõs,data2500/saitama/11229.lzh
é‹ÊŒ§,VÀs,data2500/saitama/11230.lzh
é‹ÊŒ§,‰±ìs,data2500/saitama/11231.lzh
é‹ÊŒ§,‹vŠìs,data2500/saitama/11232.lzh
é‹ÊŒ§,–k–{s,data2500/saitama/11233.lzh
é‹ÊŒ§,”ª’ªs,data2500/saitama/11234.lzh
é‹ÊŒ§,•xmŒ©s,data2500/saitama/11235.lzh
é‹ÊŒ§,ã•Ÿ‰ªs,data2500/saitama/11236.lzh
é‹ÊŒ§,O‹½s,data2500/saitama/11237.lzh
é‹ÊŒ§,˜@“cs,data2500/saitama/11238.lzh
é‹ÊŒ§,âŒËs,data2500/saitama/11239.lzh
é‹ÊŒ§,Kès,data2500/saitama/11240.lzh
é‹ÊŒ§,’ßƒP“‡s,data2500/saitama/11241.lzh
é‹ÊŒ§,“ú‚s,data2500/saitama/11242.lzh
é‹ÊŒ§,‹gìs,data2500/saitama/11243.lzh
é‹ÊŒ§,–k‘«—§ŒSˆÉ“Ş’¬,data2500/saitama/11301.lzh
é‹ÊŒ§,–k‘«—§ŒSã’¬,data2500/saitama/11304.lzh
é‹ÊŒ§,“üŠÔŒS‘åˆä’¬,data2500/saitama/11322.lzh
é‹ÊŒ§,“üŠÔŒSO–F’¬,data2500/saitama/11324.lzh
é‹ÊŒ§,“üŠÔŒS–Ñ˜CR’¬,data2500/saitama/11326.lzh
é‹ÊŒ§,“üŠÔŒS‰z¶’¬,data2500/saitama/11327.lzh
é‹ÊŒ§,”äŠéŒSŠŠì’¬,data2500/saitama/11341.lzh
é‹ÊŒ§,”äŠéŒS—’R’¬,data2500/saitama/11342.lzh
é‹ÊŒ§,”äŠéŒS¬ì’¬,data2500/saitama/11343.lzh
é‹ÊŒ§,”äŠéŒS“sŠôì‘º,data2500/saitama/11344.lzh
é‹ÊŒ§,”äŠéŒS‹Êì‘º,data2500/saitama/11345.lzh
é‹ÊŒ§,”äŠéŒSì“‡’¬,data2500/saitama/11346.lzh
é‹ÊŒ§,”äŠéŒS‹gŒ©’¬,data2500/saitama/11347.lzh
é‹ÊŒ§,”äŠéŒS”µR’¬,data2500/saitama/11348.lzh
é‹ÊŒ§,’•ƒŒS‰¡£’¬,data2500/saitama/11361.lzh
é‹ÊŒ§,’•ƒŒSŠF–ì’¬,data2500/saitama/11362.lzh
é‹ÊŒ§,™‹ÊŒS”ü—¢’¬,data2500/saitama/11381.lzh
é‹ÊŒ§,™‹ÊŒS™‹Ê’¬,data2500/saitama/11382.lzh
é‹ÊŒ§,™‹ÊŒS_ì’¬,data2500/saitama/11383.lzh
é‹ÊŒ§,™‹ÊŒSã—¢’¬,data2500/saitama/11385.lzh
é‹ÊŒ§,‘å—¢ŒS‘å—¢‘º,data2500/saitama/11401.lzh
é‹ÊŒ§,‘å—¢ŒS]“ì’¬,data2500/saitama/11402.lzh
é‹ÊŒ§,‘å—¢ŒSÈÀ’¬,data2500/saitama/11403.lzh
é‹ÊŒ§,‘å—¢ŒS‰ª•”’¬,data2500/saitama/11405.lzh
é‹ÊŒ§,‘å—¢ŒSì–{’¬,data2500/saitama/11406.lzh
é‹ÊŒ§,‘å—¢ŒS‰Ô‰€’¬,data2500/saitama/11407.lzh
é‹ÊŒ§,‘å—¢ŒSŠñ‹’¬,data2500/saitama/11408.lzh
é‹ÊŒ§,–ké‹ÊŒS‹R¼’¬,data2500/saitama/11421.lzh
é‹ÊŒ§,–ké‹ÊŒS“ì‰ÍŒ´‘º,data2500/saitama/11422.lzh
é‹ÊŒ§,–ké‹ÊŒSì—¢‘º,data2500/saitama/11423.lzh
é‹ÊŒ§,–ké‹ÊŒS–kì•Ó’¬,data2500/saitama/11424.lzh
é‹ÊŒ§,–ké‹ÊŒS‘å—˜ª’¬,data2500/saitama/11425.lzh
é‹ÊŒ§,“ìé‹ÊŒS‹{‘ã’¬,data2500/saitama/11442.lzh
é‹ÊŒ§,“ìé‹ÊŒS”’‰ª’¬,data2500/saitama/11445.lzh
é‹ÊŒ§,“ìé‹ÊŒSÒŠ—’¬,data2500/saitama/11446.lzh
é‹ÊŒ§,–kŠ‹üŒSŒI‹´’¬,data2500/saitama/11461.lzh
é‹ÊŒ§,–kŠ‹üŒS˜h‹{’¬,data2500/saitama/11462.lzh
é‹ÊŒ§,–kŠ‹üŒS™ŒË’¬,data2500/saitama/11464.lzh
é‹ÊŒ§,–kŠ‹üŒS¼•š’¬,data2500/saitama/11465.lzh
é‹ÊŒ§,–kŠ‹üŒS¯˜a’¬,data2500/saitama/11468.lzh
ç—tŒ§,ç—ts’†‰›‹æ,data2500/chiba/12101.lzh
ç—tŒ§,ç—ts‰ÔŒ©ì‹æ,data2500/chiba/12102.lzh
ç—tŒ§,ç—tsˆî–Ñ‹æ,data2500/chiba/12103.lzh
ç—tŒ§,ç—tsá—t‹æ,data2500/chiba/12104.lzh
ç—tŒ§,ç—ts—Î‹æ,data2500/chiba/12105.lzh
ç—tŒ§,ç—ts”ü•l‹æ,data2500/chiba/12106.lzh
ç—tŒ§,’¶qs,data2500/chiba/12202.lzh
ç—tŒ§,sìs,data2500/chiba/12203.lzh
ç—tŒ§,‘D‹´s,data2500/chiba/12204.lzh
ç—tŒ§,ŠÙRs,data2500/chiba/12205.lzh
ç—tŒ§,–ØX’Ãs,data2500/chiba/12206.lzh
ç—tŒ§,¼ŒËs,data2500/chiba/12207.lzh
ç—tŒ§,–ì“cs,data2500/chiba/12208.lzh
ç—tŒ§,²Œ´s,data2500/chiba/12209.lzh
ç—tŒ§,–ÎŒ´s,data2500/chiba/12210.lzh
ç—tŒ§,¬“cs,data2500/chiba/12211.lzh
ç—tŒ§,²‘qs,data2500/chiba/12212.lzh
ç—tŒ§,“Œ‹às,data2500/chiba/12213.lzh
ç—tŒ§,”ª“úsês,data2500/chiba/12214.lzh
ç—tŒ§,ˆ®s,data2500/chiba/12215.lzh
ç—tŒ§,Ku–ìs,data2500/chiba/12216.lzh
ç—tŒ§,”s,data2500/chiba/12217.lzh
ç—tŒ§,Ÿ‰Ys,data2500/chiba/12218.lzh
ç—tŒ§,sŒ´s,data2500/chiba/12219.lzh
ç—tŒ§,—¬Rs,data2500/chiba/12220.lzh
ç—tŒ§,”ªç‘ãs,data2500/chiba/12221.lzh
ç—tŒ§,‰ä‘·qs,data2500/chiba/12222.lzh
ç—tŒ§,Š›ìs,data2500/chiba/12223.lzh
ç—tŒ§,Š™ƒP’Js,data2500/chiba/12224.lzh
ç—tŒ§,ŒN’Ãs,data2500/chiba/12225.lzh
ç—tŒ§,•x’Ãs,data2500/chiba/12226.lzh
ç—tŒ§,‰YˆÀs,data2500/chiba/12227.lzh
ç—tŒ§,lŠX“¹s,data2500/chiba/12228.lzh
ç—tŒ§,‘³ƒP‰Ys,data2500/chiba/12229.lzh
ç—tŒ§,”ªŠXs,data2500/chiba/12230.lzh
ç—tŒ§,ˆó¼s,data2500/chiba/12231.lzh
ç—tŒ§,”’ˆäs,data2500/chiba/12326.lzh
ç—tŒ§,•x—¢s,data2500/chiba/12324.lzh
ç—tŒ§,“ŒŠ‹üŒSŠÖh’¬iŒ»İ‚Í–ì“csj,data2500/chiba/12303.lzh
ç—tŒ§,“ŒŠ‹üŒSÀ“ì’¬,data2500/chiba/12305.lzh
ç—tŒ§,ˆó×ŒSğXˆä’¬,data2500/chiba/12322.lzh
ç—tŒ§,ˆó×ŒSˆó×‘º,data2500/chiba/12325.lzh
ç—tŒ§,ˆó×ŒS–{”W‘º,data2500/chiba/12328.lzh
ç—tŒ§,ˆó×ŒS‰h’¬,data2500/chiba/12329.lzh
ç—tŒ§,æŒS¬Œ©ì’¬,data2500/chiba/12344.lzh
ç—tŒ§,æŒSŠ±Šƒ’¬,data2500/chiba/12348.lzh
ç—tŒ§,æŒS“Œ¯’¬,data2500/chiba/12349.lzh
ç—tŒ§,‘xºŒSŒõ’¬,data2500/chiba/12381.lzh
ç—tŒ§,R•ŒS‘å–Ô”’—¢’¬,data2500/chiba/12402.lzh
ç—tŒ§,R•ŒS‹ã\‹ã—¢’¬,data2500/chiba/12403.lzh
ç—tŒ§,R•ŒS¬“Œ’¬,data2500/chiba/12404.lzh
ç—tŒ§,R•ŒSR•’¬,data2500/chiba/12405.lzh
ç—tŒ§,R•ŒS˜@À‘º,data2500/chiba/12406.lzh
ç—tŒ§,’·¶ŒSˆê‹{’¬,data2500/chiba/12421.lzh
ç—tŒ§,’·¶ŒS–r‘ò’¬,data2500/chiba/12422.lzh
ç—tŒ§,’·¶ŒS’·“ì’¬,data2500/chiba/12427.lzh
ç—tŒ§,ˆÎ‹÷ŒS‘åŒ´’¬,data2500/chiba/12444.lzh
ç—tŒ§,ˆÎ‹÷ŒS–¦’¬,data2500/chiba/12445.lzh
ç—tŒ§,ˆÀ–[ŒS“V’Ã¬–©’¬,data2500/chiba/12472.lzh
_“ŞìŒ§,‰¡•ls’ßŒ©‹æ,data2500/kanagawa/14101.lzh
_“ŞìŒ§,‰¡•ls_“Şì‹æ,data2500/kanagawa/14102.lzh
_“ŞìŒ§,‰¡•ls¼‹æ,data2500/kanagawa/14103.lzh
_“ŞìŒ§,‰¡•ls’†‹æ,data2500/kanagawa/14104.lzh
_“ŞìŒ§,‰¡•ls“ì‹æ,data2500/kanagawa/14105.lzh
_“ŞìŒ§,‰¡•ls•Û“yƒP’J‹æ,data2500/kanagawa/14106.lzh
_“ŞìŒ§,‰¡•lsˆéq‹æ,data2500/kanagawa/14107.lzh
_“ŞìŒ§,‰¡•ls‹à‘ò‹æ,data2500/kanagawa/14108.lzh
_“ŞìŒ§,‰¡•ls`–k‹æ,data2500/kanagawa/14109.lzh
_“ŞìŒ§,‰¡•lsŒË’Ë‹æ,data2500/kanagawa/14110.lzh
_“ŞìŒ§,‰¡•ls`“ì‹æ,data2500/kanagawa/14111.lzh
_“ŞìŒ§,‰¡•lsˆ®‹æ,data2500/kanagawa/14112.lzh
_“ŞìŒ§,‰¡•ls—Î‹æ,data2500/kanagawa/14113.lzh
_“ŞìŒ§,‰¡•ls£’J‹æ,data2500/kanagawa/14114.lzh
_“ŞìŒ§,‰¡•ls‰h‹æ,data2500/kanagawa/14115.lzh
_“ŞìŒ§,‰¡•lsò‹æ,data2500/kanagawa/14116.lzh
_“ŞìŒ§,‰¡•lsÂ—t‹æ,data2500/kanagawa/14117.lzh
_“ŞìŒ§,‰¡•ls“s’}‹æ,data2500/kanagawa/14118.lzh
_“ŞìŒ§,ìèsìè‹æ,data2500/kanagawa/14131.lzh
_“ŞìŒ§,ìèsK‹æ,data2500/kanagawa/14132.lzh
_“ŞìŒ§,ìès’†Œ´‹æ,data2500/kanagawa/14133.lzh
_“ŞìŒ§,ìès‚’Ã‹æ,data2500/kanagawa/14134.lzh
_“ŞìŒ§,ìès‘½–€‹æ,data2500/kanagawa/14135.lzh
_“ŞìŒ§,ìès‹{‘O‹æ,data2500/kanagawa/14136.lzh
_“ŞìŒ§,ìès–ƒ¶‹æ,data2500/kanagawa/14137.lzh
_“ŞìŒ§,‰¡{‰ês,data2500/kanagawa/14201.lzh
_“ŞìŒ§,•½’Ës,data2500/kanagawa/14203.lzh
_“ŞìŒ§,Š™‘qs,data2500/kanagawa/14204.lzh
_“ŞìŒ§,“¡‘òs,data2500/kanagawa/14205.lzh
_“ŞìŒ§,¬“cŒ´s,data2500/kanagawa/14206.lzh
_“ŞìŒ§,ŠƒPès,data2500/kanagawa/14207.lzh
_“ŞìŒ§,€qs,data2500/kanagawa/14208.lzh
_“ŞìŒ§,‘Š–ÍŒ´s,data2500/kanagawa/14209.lzh
_“ŞìŒ§,O‰Ys,data2500/kanagawa/14210.lzh
_“ŞìŒ§,`–ìs,data2500/kanagawa/14211.lzh
_“ŞìŒ§,Œú–Øs,data2500/kanagawa/14212.lzh
_“ŞìŒ§,‘å˜as,data2500/kanagawa/14213.lzh
_“ŞìŒ§,ˆÉ¨Œ´s,data2500/kanagawa/14214.lzh
_“ŞìŒ§,ŠC˜V–¼s,data2500/kanagawa/14215.lzh
_“ŞìŒ§,ÀŠÔs,data2500/kanagawa/14216.lzh
_“ŞìŒ§,“ì‘«•¿s,data2500/kanagawa/14217.lzh
_“ŞìŒ§,ˆ»£s,data2500/kanagawa/14218.lzh
_“ŞìŒ§,O‰YŒS—tR’¬,data2500/kanagawa/14301.lzh
_“ŞìŒ§,‚ÀŒSŠ¦ì’¬,data2500/kanagawa/14321.lzh
_“ŞìŒ§,’†ŒS‘åˆé’¬,data2500/kanagawa/14341.lzh
_“ŞìŒ§,’†ŒS“ñ‹{’¬,data2500/kanagawa/14342.lzh
_“ŞìŒ§,‘«•¿ãŒS’†ˆä’¬,data2500/kanagawa/14361.lzh
_“ŞìŒ§,‘«•¿ãŒS‘åˆä’¬,data2500/kanagawa/14362.lzh
_“ŞìŒ§,‘«•¿ãŒS¼“c’¬,data2500/kanagawa/14363.lzh
_“ŞìŒ§,‘«•¿ãŒSR–k’¬,data2500/kanagawa/14364.lzh
_“ŞìŒ§,‘«•¿ãŒSŠJ¬’¬,data2500/kanagawa/14366.lzh
_“ŞìŒ§,‘«•¿‰ºŒS” ª’¬,data2500/kanagawa/14382.lzh
_“ŞìŒ§,‘«•¿‰ºŒS^’ß’¬,data2500/kanagawa/14383.lzh
_“ŞìŒ§,‘«•¿‰ºŒS“’‰ÍŒ´’¬,data2500/kanagawa/14384.lzh
_“ŞìŒ§,ˆ¤bŒSˆ¤ì’¬,data2500/kanagawa/14401.lzh
_“ŞìŒ§,’Ã‹vˆäŒSéR’¬,data2500/kanagawa/14421.lzh
_“ŞìŒ§,’Ã‹vˆäŒS’Ã‹vˆä’¬,data2500/kanagawa/14422.lzh
_“ŞìŒ§,’Ã‹vˆäŒS‘Š–ÍŒÎ’¬,data2500/kanagawa/14423.lzh
_“ŞìŒ§,’Ã‹vˆäŒS“¡–ì’¬,data2500/kanagawa/14424.lzh
VŠƒŒ§,VŠƒs,data2500/niigata/15201.lzh
VŠƒŒ§,’·‰ªs,data2500/niigata/15202.lzh
VŠƒŒ§,Oğs,data2500/niigata/15204.lzh
VŠƒŒ§,”ès,data2500/niigata/15205.lzh
VŠƒŒ§,V”­“cs,data2500/niigata/15206.lzh
VŠƒŒ§,V’Ãs,data2500/niigata/15207.lzh
VŠƒŒ§,¬ç’Js,data2500/niigata/15208.lzh
VŠƒŒ§,‰Á–Îs,data2500/niigata/15209.lzh
VŠƒŒ§,\“ú’¬s,data2500/niigata/15210.lzh
VŠƒŒ§,Œ©•s,data2500/niigata/15211.lzh
VŠƒŒ§,‘ºãs,data2500/niigata/15212.lzh
VŠƒŒ§,‰s,data2500/niigata/15213.lzh
VŠƒŒ§,“È”ös,data2500/niigata/15215.lzh
VŠƒŒ§,…‹›ìs,data2500/niigata/15216.lzh
VŠƒŒ§,Vˆäs,data2500/niigata/15217.lzh
VŠƒŒ§,ŒÜòs,data2500/niigata/15218.lzh
VŠƒŒ§,—¼’ÃsiŒ»İ‚Í²“nsj,data2500/niigata/15219.lzh
VŠƒŒ§,”’ªs,data2500/niigata/15220.lzh
VŠƒŒ§,–L‰hs,data2500/niigata/15221.lzh
VŠƒŒ§,ã‰zs,data2500/niigata/15222.lzh
VŠƒŒ§,–kŠ—Œ´ŒSˆÀ“c’¬iŒ»İ‚Íˆ¢‰ê–ìsj,data2500/niigata/15301.lzh
VŠƒŒ§,–kŠ—Œ´ŒS‹ƒP£‘ºiŒ»İ‚Íˆ¢‰ê–ìsj,data2500/niigata/15302.lzh
VŠƒŒ§,–kŠ—Œ´ŒS…Œ´’¬iŒ»İ‚Íˆ¢‰ê–ìsj,data2500/niigata/15303.lzh
VŠƒŒ§,–kŠ—Œ´ŒS–L‰Y’¬iŒ»İ‚ÍV”­“csj,data2500/niigata/15306.lzh
VŠƒŒ§,–kŠ—Œ´ŒS¹˜U’¬,data2500/niigata/15307.lzh
VŠƒŒ§,–kŠ—Œ´ŒS‡‰_›’¬,data2500/niigata/15309.lzh
VŠƒŒ§,–kŠ—Œ´ŒS’†ğ’¬,data2500/niigata/15310.lzh
VŠƒŒ§,–kŠ—Œ´ŒS•ì‘º,data2500/niigata/15311.lzh
VŠƒŒ§,’†Š—Œ´ŒS¬{ŒË’¬,data2500/niigata/15321.lzh
VŠƒŒ§,’†Š—Œ´ŒS‘º¼’¬,data2500/niigata/15322.lzh
VŠƒŒ§,’†Š—Œ´ŒS‰¡‰z’¬,data2500/niigata/15323.lzh
VŠƒŒ§,’†Š—Œ´ŒS‹T“c’¬,data2500/niigata/15324.lzh
VŠƒŒ§,¼Š—Œ´ŒSŠâº‘º,data2500/niigata/15341.lzh
VŠƒŒ§,¼Š—Œ´ŒS–í•F‘º,data2500/niigata/15342.lzh
VŠƒŒ§,¼Š—Œ´ŒS•ª…’¬,data2500/niigata/15343.lzh
VŠƒŒ§,¼Š—Œ´ŒS‹g“c’¬,data2500/niigata/15344.lzh
VŠƒŒ§,¼Š—Œ´ŒSŠª’¬,data2500/niigata/15345.lzh
VŠƒŒ§,¼Š—Œ´ŒS¼ì’¬,data2500/niigata/15346.lzh
VŠƒŒ§,“ìŠ—Œ´ŒS“cã’¬,data2500/niigata/15361.lzh
VŠƒŒ§,“ìŠ—Œ´ŒS‰h’¬,data2500/niigata/15363.lzh
VŠƒŒ§,“ìŠ—Œ´ŒS’†”V“‡’¬,data2500/niigata/15364.lzh
VŠƒŒ§,“ŒŠ—Œ´ŒS’Ãì’¬,data2500/niigata/15381.lzh
VŠƒŒ§,“ŒŠ—Œ´ŒS­£’¬,data2500/niigata/15382.lzh
VŠƒŒ§,O“‡ŒS‰z˜H’¬,data2500/niigata/15401.lzh
VŠƒŒ§,O“‡ŒSO“‡’¬,data2500/niigata/15402.lzh
VŠƒŒ§,O“‡ŒS—^”Â’¬,data2500/niigata/15403.lzh
VŠƒŒ§,–k‹›ÀŒSìŒû’¬,data2500/niigata/15441.lzh
VŠƒŒ§,–k‹›ÀŒS–x”V“à’¬,data2500/niigata/15442.lzh
VŠƒŒ§,–k‹›ÀŒS¬o’¬,data2500/niigata/15443.lzh
VŠƒŒ§,–k‹›ÀŒS“’”V’J‘º,data2500/niigata/15444.lzh
VŠƒŒ§,–k‹›ÀŒSL_‘º,data2500/niigata/15445.lzh
VŠƒŒ§,–k‹›ÀŒSç–å‘º,data2500/niigata/15446.lzh
VŠƒŒ§,–k‹›ÀŒS“üL£‘º,data2500/niigata/15447.lzh
VŠƒŒ§,“ì‹›ÀŒS“’‘ò’¬,data2500/niigata/15461.lzh
VŠƒŒ§,“ì‹›ÀŒS‰–‘ò’¬,data2500/niigata/15462.lzh
VŠƒŒ§,“ì‹›ÀŒS˜Z“ú’¬,data2500/niigata/15463.lzh
VŠƒŒ§,“ì‹›ÀŒS‘å˜a’¬,data2500/niigata/15464.lzh
VŠƒŒ§,’†‹›ÀŒSì¼’¬,data2500/niigata/15481.lzh
VŠƒŒ§,’†èòéŒSŠ`è’¬,data2500/niigata/15541.lzh
VŠƒŒ§,’†èòéŒS‘åŠƒ’¬,data2500/niigata/15542.lzh
VŠƒŒ§,’†èòéŒSèòé‘º,data2500/niigata/15543.lzh
VŠƒŒ§,’†èòéŒS–­‚‚Œ´’¬,data2500/niigata/15545.lzh
VŠƒŒ§,’†èòéŒS’†‹½‘º,data2500/niigata/15546.lzh
VŠƒŒ§,’†èòéŒS–­‚‘º,data2500/niigata/15547.lzh
VŠƒŒ§,¼èòéŒS”\¶’¬,data2500/niigata/15562.lzh
VŠƒŒ§,¼èòéŒSÂŠC’¬,data2500/niigata/15563.lzh
VŠƒŒ§,Šâ‘DŒSrì’¬,data2500/niigata/15582.lzh
VŠƒŒ§,Šâ‘DŒS_—Ñ‘º,data2500/niigata/15583.lzh
VŠƒŒ§,²“nŒS‘Šì’¬iŒ»İ‚Í²“nsj,data2500/niigata/15601.lzh
VŠƒŒ§,²“nŒS²˜a“c’¬iŒ»İ‚Í²“nsj,data2500/niigata/15602.lzh
VŠƒŒ§,²“nŒS‹àˆä’¬iŒ»İ‚Í²“nsj,data2500/niigata/15603.lzh
VŠƒŒ§,²“nŒSV•ä‘ºiŒ»İ‚Í²“nsj,data2500/niigata/15604.lzh
VŠƒŒ§,²“nŒS”¨–ì’¬iŒ»İ‚Í²“nsj,data2500/niigata/15605.lzh
VŠƒŒ§,²“nŒS^–ì’¬iŒ»İ‚Í²“nsj,data2500/niigata/15606.lzh
•xRŒ§,•xRs,data2500/toyama/16201.lzh
•xRŒ§,‚‰ªs,data2500/toyama/16202.lzh
•xRŒ§,V–©s,data2500/toyama/16203.lzh
•xRŒ§,‹›’Ãs,data2500/toyama/16204.lzh
•xRŒ§,•XŒ©s,data2500/toyama/16205.lzh
•xRŒ§,ŠŠìs,data2500/toyama/16206.lzh
•xRŒ§,••”s,data2500/toyama/16207.lzh
•xRŒ§,“v”gs,data2500/toyama/16208.lzh
•xRŒ§,¬–î•”s,data2500/toyama/16209.lzh
•xRŒ§,ãVìŒS‘å‘ò–ì’¬,data2500/toyama/16301.lzh
•xRŒ§,ãVìŒS‘åR’¬,data2500/toyama/16302.lzh
•xRŒ§,’†VìŒSM‹´‘º,data2500/toyama/16321.lzh
•xRŒ§,’†VìŒSãs’¬,data2500/toyama/16322.lzh
•xRŒ§,’†VìŒS—§R’¬,data2500/toyama/16323.lzh
•xRŒ§,‰ºVìŒS‰F“ŞŒ’¬,data2500/toyama/16341.lzh
•xRŒ§,‰ºVìŒS“ü‘P’¬,data2500/toyama/16342.lzh
•xRŒ§,‰ºVìŒS’©“ú’¬,data2500/toyama/16343.lzh
•xRŒ§,•w•‰ŒS”ª”ö’¬,data2500/toyama/16361.lzh
•xRŒ§,•w•‰ŒS•w’†’¬,data2500/toyama/16362.lzh
•xRŒ§,Ë…ŒS¬™’¬,data2500/toyama/16381.lzh
•xRŒ§,Ë…ŒS‘å–å’¬,data2500/toyama/16382.lzh
•xRŒ§,Ë…ŒS‰º‘º,data2500/toyama/16383.lzh
•xRŒ§,Ë…ŒS‘å“‡’¬,data2500/toyama/16384.lzh
•xRŒ§,“Œáè”gŒSé’[’¬,data2500/toyama/16401.lzh
•xRŒ§,“Œáè”gŒS¯ì’¬,data2500/toyama/16405.lzh
•xRŒ§,“Œáè”gŒSˆä”g’¬,data2500/toyama/16406.lzh
•xRŒ§,“Œáè”gŒS•Ÿ–ì’¬,data2500/toyama/16408.lzh
•xRŒ§,¼áè”gŒS•ŸŒõ’¬,data2500/toyama/16421.lzh
•xRŒ§,¼áè”gŒS•Ÿ‰ª’¬,data2500/toyama/16422.lzh
ÎìŒ§,‹à‘òs,data2500/ishikawa/17201.lzh
ÎìŒ§,µ”ös,data2500/ishikawa/17202.lzh
ÎìŒ§,¬¼s,data2500/ishikawa/17203.lzh
ÎìŒ§,—Ö“‡s,data2500/ishikawa/17204.lzh
ÎìŒ§,ìFs,data2500/ishikawa/17205.lzh
ÎìŒ§,‰Á‰ês,data2500/ishikawa/17206.lzh
ÎìŒ§,‰Hîs,data2500/ishikawa/17207.lzh
ÎìŒ§,¼”Cs,data2500/ishikawa/17208.lzh
ÎìŒ§,]ÀŒSR’†’¬,data2500/ishikawa/17301.lzh
ÎìŒ§,”\”üŒSªã’¬,data2500/ishikawa/17321.lzh
ÎìŒ§,”\”üŒS›ˆä’¬,data2500/ishikawa/17322.lzh
ÎìŒ§,”\”üŒS’CŒû’¬,data2500/ishikawa/17323.lzh
ÎìŒ§,”\”üŒSì–k’¬,data2500/ishikawa/17324.lzh
ÎìŒ§,ÎìŒS”üì’¬,data2500/ishikawa/17342.lzh
ÎìŒ§,ÎìŒS’ß—ˆ’¬,data2500/ishikawa/17343.lzh
ÎìŒ§,ÎìŒS–ìXs’¬,data2500/ishikawa/17344.lzh
ÎìŒ§,‰Í–kŒS’Ã”¦’¬,data2500/ishikawa/17361.lzh
ÎìŒ§,‰Í–kŒS‚¼’¬iŒ»İ‚Í‚©‚Ù‚­sj,data2500/ishikawa/17362.lzh
ÎìŒ§,‰Í–kŒSµ’Ë’¬iŒ»İ‚Í‚©‚Ù‚­sj,data2500/ishikawa/17363.lzh
ÎìŒ§,‰Í–kŒS‰Fƒm‹C’¬iŒ»İ‚Í‚©‚Ù‚­sj,data2500/ishikawa/17364.lzh
ÎìŒ§,‰Í–kŒS“à“å’¬,data2500/ishikawa/17365.lzh
ÎìŒ§,‰HîŒS•x—ˆ’¬,data2500/ishikawa/17382.lzh
ÎìŒ§,‰HîŒSu‰ê’¬,data2500/ishikawa/17384.lzh
ÎìŒ§,–PŠŒSŒŠ…’¬,data2500/ishikawa/17421.lzh
ÎìŒ§,–PŠŒS”\“s’¬,data2500/ishikawa/17423.lzh
ÎìŒ§,ìFŒS“à‰Y’¬,data2500/ishikawa/17441.lzh
•ŸˆäŒ§,•Ÿˆäs,data2500/fukui/18201.lzh
•ŸˆäŒ§,“Ö‰ês,data2500/fukui/18202.lzh
•ŸˆäŒ§,•¶s,data2500/fukui/18203.lzh
•ŸˆäŒ§,¬•ls,data2500/fukui/18204.lzh
•ŸˆäŒ§,‘å–ìs,data2500/fukui/18205.lzh
•ŸˆäŒ§,ŸRs,data2500/fukui/18206.lzh
•ŸˆäŒ§,I]s,data2500/fukui/18207.lzh
•ŸˆäŒ§,‹g“cŒS¼‰ª’¬,data2500/fukui/18321.lzh
•ŸˆäŒ§,âˆäŒSO‘’¬,data2500/fukui/18361.lzh
•ŸˆäŒ§,âˆäŒSˆ°Œ´’¬iŒ»İ‚Í‚ ‚í‚çsj,data2500/fukui/18362.lzh
•ŸˆäŒ§,âˆäŒS‹à’Ã’¬iŒ»İ‚Í‚ ‚í‚çsj,data2500/fukui/18363.lzh
•ŸˆäŒ§,âˆäŒSŠÛ‰ª’¬,data2500/fukui/18364.lzh
•ŸˆäŒ§,âˆäŒSt]’¬,data2500/fukui/18365.lzh
•ŸˆäŒ§,âˆäŒSâˆä’¬,data2500/fukui/18366.lzh
•ŸˆäŒ§,¡—§ŒS¡—§’¬,data2500/fukui/18381.lzh
•ŸˆäŒ§,’O¶ŒS’©“ú’¬,data2500/fukui/18421.lzh
•ŸˆäŒ§,’O¶ŒS‹{è‘º,data2500/fukui/18422.lzh
•ŸˆäŒ§,’O¶ŒSD“c’¬,data2500/fukui/18425.lzh
•ŸˆäŒ§,’O¶ŒS´…’¬,data2500/fukui/18426.lzh
•ŸˆäŒ§,O•ûŒSO•û’¬,data2500/fukui/18441.lzh
•ŸˆäŒ§,O•ûŒS”ü•l’¬,data2500/fukui/18442.lzh
•ŸˆäŒ§,‰“•~ŒSã’†’¬,data2500/fukui/18461.lzh
•ŸˆäŒ§,‘å”ÑŒS‚•l’¬,data2500/fukui/18481.lzh
R—œŒ§,b•{s,data2500/yamanasi/19201.lzh
R—œŒ§,•xm‹g“cs,data2500/yamanasi/19202.lzh
R—œŒ§,‰–Rs,data2500/yamanasi/19203.lzh
R—œŒ§,“s—¯s,data2500/yamanasi/19204.lzh
R—œŒ§,R—œs,data2500/yamanasi/19205.lzh
R—œŒ§,‘åŒs,data2500/yamanasi/19206.lzh
R—œŒ§,”Bès,data2500/yamanasi/19207.lzh
R—œŒ§,“ŒR—œŒSt“ú‹’¬,data2500/yamanasi/19301.lzh
R—œŒ§,“ŒR—œŒSŸÀ’¬,data2500/yamanasi/19304.lzh
R—œŒ§,“Œ”ª‘ãŒSÎ˜a’¬,data2500/yamanasi/19321.lzh
R—œŒ§,“Œ”ª‘ãŒSŒäâ’¬,data2500/yamanasi/19322.lzh
R—œŒ§,“Œ”ª‘ãŒSˆê‹{’¬,data2500/yamanasi/19323.lzh
R—œŒ§,“Œ”ª‘ãŒS”ª‘ã’¬,data2500/yamanasi/19324.lzh
R—œŒ§,“Œ”ª‘ãŒS‹«ì‘º,data2500/yamanasi/19325.lzh
R—œŒ§,“Œ”ª‘ãŒS’†“¹’¬,data2500/yamanasi/19326.lzh
R—œŒ§,“Œ”ª‘ãŒS–L•x‘º,data2500/yamanasi/19328.lzh
R—œŒ§,¼”ª‘ãŒSOì’¬,data2500/yamanasi/19342.lzh
R—œŒ§,¼”ª‘ãŒSsì‘å–å’¬,data2500/yamanasi/19343.lzh
R—œŒ§,“ì‹–€ŒS‘•ä’¬,data2500/yamanasi/19361.lzh
R—œŒ§,“ì‹–€ŒSŠ‚‘ò’¬,data2500/yamanasi/19362.lzh
R—œŒ§,“ì‹–€ŒSg‰„’¬,data2500/yamanasi/19365.lzh
R—œŒ§,’†‹–€ŒS—³‰¤’¬,data2500/yamanasi/19381.lzh
R—œŒ§,’†‹–€ŒS•~“‡’¬,data2500/yamanasi/19382.lzh
R—œŒ§,’†‹–€ŒS‹Ê•ä’¬,data2500/yamanasi/19383.lzh
R—œŒ§,’†‹–€ŒSº˜a’¬,data2500/yamanasi/19384.lzh
R—œŒ§,’†‹–€ŒS“c•x’¬,data2500/yamanasi/19385.lzh
R—œŒ§,’†‹–€ŒS”ª“c‘ºiŒ»İ‚Í“ìƒAƒ‹ƒvƒXsj,data2500/yamanasi/19386.lzh
R—œŒ§,’†‹–€ŒS”’ª’¬iŒ»İ‚Í“ìƒAƒ‹ƒvƒXsj,data2500/yamanasi/19387.lzh
R—œŒ§,’†‹–€ŒS‹ùŒ`’¬iŒ»İ‚Í“ìƒAƒ‹ƒvƒXsj,data2500/yamanasi/19390.lzh
R—œŒ§,’†‹–€ŒSb¼’¬iŒ»İ‚Í“ìƒAƒ‹ƒvƒXsj,data2500/yamanasi/19391.lzh
R—œŒ§,–k‹–€ŒS‘o—t’¬,data2500/yamanasi/19401.lzh
R—œŒ§,“ì“s—¯ŒS¼Œj’¬,data2500/yamanasi/19423.lzh
R—œŒ§,“ì“s—¯ŒS”E–ì‘º,data2500/yamanasi/19424.lzh
R—œŒ§,“ì“s—¯ŒSR’†ŒÎ‘º,data2500/yamanasi/19425.lzh
R—œŒ§,“ì“s—¯ŒS‰ÍŒûŒÎ’¬iŒ»İ‚Í•xm‰ÍŒûŒÎ’¬j,data2500/yamanasi/19426.lzh
R—œŒ§,“ì“s—¯ŒSŸR‘ºiŒ»İ‚Í•xm‰ÍŒûŒÎ’¬j,data2500/yamanasi/19427.lzh
R—œŒ§,“ì“s—¯ŒS‘«˜a“c‘ºiŒ»İ‚Í•xm‰ÍŒûŒÎ’¬j,data2500/yamanasi/19428.lzh
R—œŒ§,–k“s—¯ŒSã–ìŒ´’¬,data2500/yamanasi/19441.lzh
’·–ìŒ§,’·–ìs,data2500/nagano/20201.lzh
’·–ìŒ§,¼–{s,data2500/nagano/20202.lzh
’·–ìŒ§,ã“cs,data2500/nagano/20203.lzh
’·–ìŒ§,‰ª’Js,data2500/nagano/20204.lzh
’·–ìŒ§,”Ñ“cs,data2500/nagano/20205.lzh
’·–ìŒ§,z–Ks,data2500/nagano/20206.lzh
’·–ìŒ§,{âs,data2500/nagano/20207.lzh
’·–ìŒ§,¬”s,data2500/nagano/20208.lzh
’·–ìŒ§,ˆÉ“ßs,data2500/nagano/20209.lzh
’·–ìŒ§,‹îƒPªs,data2500/nagano/20210.lzh
’·–ìŒ§,’†–ìs,data2500/nagano/20211.lzh
’·–ìŒ§,‘å’¬s,data2500/nagano/20212.lzh
’·–ìŒ§,”ÑRs,data2500/nagano/20213.lzh
’·–ìŒ§,Š–ìs,data2500/nagano/20214.lzh
’·–ìŒ§,‰–Ks,data2500/nagano/20215.lzh
’·–ìŒ§,XûsiŒ»İ‚Íç‹Èsj,data2500/nagano/20216.lzh
’·–ìŒ§,²‹vs,data2500/nagano/20217.lzh
’·–ìŒ§,“ì²‹vŒS‰P“c’¬,data2500/nagano/20301.lzh
’·–ìŒ§,“ì²‹vŒS¬ŠC’¬,data2500/nagano/20303.lzh
’·–ìŒ§,–k²‹vŒSŒyˆä‘ò’¬,data2500/nagano/20321.lzh
’·–ìŒ§,–k²‹vŒSŒä‘ã“c’¬,data2500/nagano/20323.lzh
’·–ìŒ§,¬Œ§ŒSŠÛq’¬,data2500/nagano/20341.lzh
’·–ìŒ§,¬Œ§ŒS“Œ•”’¬iŒ»İ‚Í“ŒŒäsj,data2500/nagano/20343.lzh
’·–ìŒ§,z–KŒS‰ºz–K’¬,data2500/nagano/20361.lzh
’·–ìŒ§,z–KŒS•xmŒ©’¬,data2500/nagano/20362.lzh
’·–ìŒ§,ãˆÉ“ßŒS‚‰“’¬,data2500/nagano/20381.lzh
’·–ìŒ§,ãˆÉ“ßŒS’C–ì’¬,data2500/nagano/20382.lzh
’·–ìŒ§,ãˆÉ“ßŒS–¥—Ö’¬,data2500/nagano/20383.lzh
’·–ìŒ§,ãˆÉ“ßŒS”Ñ“‡’¬,data2500/nagano/20384.lzh
’·–ìŒ§,ãˆÉ“ßŒS“ì–¥—Ö‘º,data2500/nagano/20385.lzh
’·–ìŒ§,ãˆÉ“ßŒS’†ì‘º,data2500/nagano/20386.lzh
’·–ìŒ§,ãˆÉ“ßŒS‹{“c‘º,data2500/nagano/20388.lzh
’·–ìŒ§,‰ºˆÉ“ßŒS¼ì’¬,data2500/nagano/20402.lzh
’·–ìŒ§,‰ºˆÉ“ßŒS‚X’¬,data2500/nagano/20403.lzh
’·–ìŒ§,–Ø‘]ŒS–Ø‘]•Ÿ“‡’¬,data2500/nagano/20421.lzh
’·–ìŒ§,–Ø‘]ŒSã¼’¬,data2500/nagano/20422.lzh
’·–ìŒ§,“Œ’}–€ŒS–¾‰È’¬,data2500/nagano/20441.lzh
’·–ìŒ§,“Œ’}–€ŒS”g“c’¬,data2500/nagano/20449.lzh
’·–ìŒ§,“ìˆÀ“ÜŒS–L‰È’¬,data2500/nagano/20461.lzh
’·–ìŒ§,“ìˆÀ“ÜŒS•ä‚’¬,data2500/nagano/20462.lzh
’·–ìŒ§,“ìˆÀ“ÜŒSO‹½‘º,data2500/nagano/20466.lzh
’·–ìŒ§,“ìˆÀ“ÜŒS–x‹à‘º,data2500/nagano/20467.lzh
’·–ìŒ§,–kˆÀ“ÜŒS’r“c’¬,data2500/nagano/20481.lzh
’·–ìŒ§,–kˆÀ“ÜŒS¼ì‘º,data2500/nagano/20482.lzh
’·–ìŒ§,–kˆÀ“ÜŒS”’”n‘º,data2500/nagano/20485.lzh
’·–ìŒ§,X‹‰ŒSãR“c’¬iŒ»İ‚Íç‹Èsj,data2500/nagano/20501.lzh
’·–ìŒ§,û‰ÈŒSâé’¬,data2500/nagano/20521.lzh
’·–ìŒ§,û‰ÈŒSŒË‘q’¬iŒ»İ‚Íç‹Èsj,data2500/nagano/20522.lzh
’·–ìŒ§,ã‚ˆäŒS¬•z{’¬,data2500/nagano/20541.lzh
’·–ìŒ§,ã‚ˆäŒS‚R‘º,data2500/nagano/20543.lzh
’·–ìŒ§,‰º‚ˆäŒSRƒm“à’¬,data2500/nagano/20561.lzh
’·–ìŒ§,‰º‚ˆäŒS–Ø“‡•½‘º,data2500/nagano/20562.lzh
’·–ìŒ§,‰º‚ˆäŒS–ì‘ò‰·ò‘º,data2500/nagano/20563.lzh
’·–ìŒ§,ã…“àŒS–L–ì’¬,data2500/nagano/20582.lzh
’·–ìŒ§,ã…“àŒSM”Z’¬,data2500/nagano/20583.lzh
’·–ìŒ§,ã…“àŒS–´—ç‘º,data2500/nagano/20584.lzh
’·–ìŒ§,‰º…“àŒS–L“c‘º,data2500/nagano/20601.lzh
Šò•ŒŒ§,Šò•Œs,data2500/gifu/21201.lzh
Šò•ŒŒ§,‘åŠ_s,data2500/gifu/21202.lzh
Šò•ŒŒ§,‚Rs,data2500/gifu/21203.lzh
Šò•ŒŒ§,‘½¡Œ©s,data2500/gifu/21204.lzh
Šò•ŒŒ§,ŠÖs,data2500/gifu/21205.lzh
Šò•ŒŒ§,’†’Ãìs,data2500/gifu/21206.lzh
Šò•ŒŒ§,”ü”Zs,data2500/gifu/21207.lzh
Šò•ŒŒ§,˜Qs,data2500/gifu/21208.lzh
Šò•ŒŒ§,‰H“‡s,data2500/gifu/21209.lzh
Šò•ŒŒ§,Œb“ßs,data2500/gifu/21210.lzh
Šò•ŒŒ§,”ü”Z‰Á–Îs,data2500/gifu/21211.lzh
Šò•ŒŒ§,“yŠòs,data2500/gifu/21212.lzh
Šò•ŒŒ§,Še–±Œ´s,data2500/gifu/21213.lzh
Šò•ŒŒ§,‰Â™s,data2500/gifu/21214.lzh
Šò•ŒŒ§,‰H“‡ŒSì“‡’¬,data2500/gifu/21301.lzh
Šò•ŒŒ§,‰H“‡ŒSŠò“ì’¬,data2500/gifu/21302.lzh
Šò•ŒŒ§,‰H“‡ŒSŠ}¼’¬,data2500/gifu/21303.lzh
Šò•ŒŒ§,‰H“‡ŒS–ö’Ã’¬,data2500/gifu/21304.lzh
Šò•ŒŒ§,ŠC’ÃŒSŠC’Ã’¬,data2500/gifu/21321.lzh
Šò•ŒŒ§,ŠC’ÃŒS•½“c’¬,data2500/gifu/21322.lzh
Šò•ŒŒ§,ŠC’ÃŒS“ì”Z’¬,data2500/gifu/21323.lzh
Šò•ŒŒ§,—{˜VŒS—{˜V’¬,data2500/gifu/21341.lzh
Šò•ŒŒ§,•s”jŒS‚ˆä’¬,data2500/gifu/21361.lzh
Šò•ŒŒ§,•s”jŒSŠÖƒPŒ´’¬,data2500/gifu/21362.lzh
Šò•ŒŒ§,ˆÀ”ªŒS_ŒË’¬,data2500/gifu/21381.lzh
Šò•ŒŒ§,ˆÀ”ªŒS—Ö”V“à’¬,data2500/gifu/21382.lzh
Šò•ŒŒ§,ˆÀ”ªŒSˆÀ”ª’¬,data2500/gifu/21383.lzh
Šò•ŒŒ§,ˆÀ”ªŒS–n–“’¬,data2500/gifu/21384.lzh
Šò•ŒŒ§,—K”ãŒS—K”ãì’¬,data2500/gifu/21401.lzh
Šò•ŒŒ§,—K”ãŒS‘å–ì’¬,data2500/gifu/21403.lzh
Šò•ŒŒ§,—K”ãŒS’r“c’¬,data2500/gifu/21404.lzh
Šò•ŒŒ§,—K”ãŒS‹v£‘º,data2500/gifu/21406.lzh
Šò•ŒŒ§,–{‘ƒŒS–k•û’¬,data2500/gifu/21421.lzh
Šò•ŒŒ§,–{‘ƒŒS•äÏ’¬iŒ»İ‚Í•äsj,data2500/gifu/21423.lzh
Šò•ŒŒ§,–{‘ƒŒS‘ƒ“ì’¬iŒ»İ‚Í•äsj,data2500/gifu/21424.lzh
Šò•ŒŒ§,–{‘ƒŒS^³’¬,data2500/gifu/21425.lzh
Šò•ŒŒ§,–{‘ƒŒS…ŠÑ’¬,data2500/gifu/21426.lzh
Šò•ŒŒ§,RŒ§ŒS‚•x’¬iŒ»İ‚ÍRŒ§sj,data2500/gifu/21441.lzh
Šò•ŒŒ§,•‹VŒS•Œ|ì’¬,data2500/gifu/21463.lzh
Šò•ŒŒ§,ŒSãŒS”ª”¦’¬,data2500/gifu/21481.lzh
Šò•ŒŒ§,‰Á–ÎŒSâj’¬,data2500/gifu/21501.lzh
Šò•ŒŒ§,‰Á–ÎŒS•x‰Á’¬,data2500/gifu/21502.lzh
Šò•ŒŒ§,‰Á–ÎŒSì•Ó’¬,data2500/gifu/21503.lzh
Šò•ŒŒ§,‰Á–ÎŒS”ª•S’Ã’¬,data2500/gifu/21505.lzh
Šò•ŒŒ§,‰Â™ŒSŒä“’¬,data2500/gifu/21521.lzh
Šò•ŒŒ§,‰Â™ŒSŒ“R’¬,data2500/gifu/21523.lzh
Šò•ŒŒ§,“yŠòŒSŠ}Œ´’¬,data2500/gifu/21541.lzh
Šò•ŒŒ§,‰v“cŒS‰º˜C’¬,data2500/gifu/21583.lzh
Šò•ŒŒ§,‹géŒSŒÃì’¬,data2500/gifu/21621.lzh
Šò•ŒŒ§,‹géŒS_‰ª’¬,data2500/gifu/21625.lzh
Ã‰ªŒ§,Ã‰ªs,data2500/shizuoka/22201.lzh
Ã‰ªŒ§,•l¼s,data2500/shizuoka/22202.lzh
Ã‰ªŒ§,À’Ãs,data2500/shizuoka/22203.lzh
Ã‰ªŒ§,´…siŒ»İ‚ÍÃ‰ªsj,data2500/shizuoka/22204.lzh
Ã‰ªŒ§,”MŠCs,data2500/shizuoka/22205.lzh
Ã‰ªŒ§,O“‡s,data2500/shizuoka/22206.lzh
Ã‰ªŒ§,•xm‹{s,data2500/shizuoka/22207.lzh
Ã‰ªŒ§,ˆÉ“Œs,data2500/shizuoka/22208.lzh
Ã‰ªŒ§,“‡“cs,data2500/shizuoka/22209.lzh
Ã‰ªŒ§,•xms,data2500/shizuoka/22210.lzh
Ã‰ªŒ§,”Ö“cs,data2500/shizuoka/22211.lzh
Ã‰ªŒ§,Ä’Ãs,data2500/shizuoka/22212.lzh
Ã‰ªŒ§,Š|ìs,data2500/shizuoka/22213.lzh
Ã‰ªŒ§,“¡}s,data2500/shizuoka/22214.lzh
Ã‰ªŒ§,Œä“aês,data2500/shizuoka/22215.lzh
Ã‰ªŒ§,‘Üˆäs,data2500/shizuoka/22216.lzh
Ã‰ªŒ§,“V—³s,data2500/shizuoka/22217.lzh
Ã‰ªŒ§,•l–ks,data2500/shizuoka/22218.lzh
Ã‰ªŒ§,‰º“cs,data2500/shizuoka/22219.lzh
Ã‰ªŒ§,–ìs,data2500/shizuoka/22220.lzh
Ã‰ªŒ§,ŒÎ¼s,data2500/shizuoka/22221.lzh
Ã‰ªŒ§,‰ê–ÎŒS“ŒˆÉ“¤’¬,data2500/shizuoka/22301.lzh
Ã‰ªŒ§,‰ê–ÎŒS‰Í’Ã’¬,data2500/shizuoka/22302.lzh
Ã‰ªŒ§,‰ê–ÎŒS“ìˆÉ“¤’¬,data2500/shizuoka/22304.lzh
Ã‰ªŒ§,“c•ûŒSˆÉ“¤’·‰ª’¬,data2500/shizuoka/22321.lzh
Ã‰ªŒ§,“c•ûŒSC‘P›’¬iŒ»İ‚ÍˆÉ“¤sj,data2500/shizuoka/22322.lzh
Ã‰ªŒ§,“c•ûŒS”Ÿ“ì’¬,data2500/shizuoka/22325.lzh
Ã‰ªŒ§,“c•ûŒS”BR’¬,data2500/shizuoka/22326.lzh
Ã‰ªŒ§,“c•ûŒS‘åm’¬,data2500/shizuoka/22327.lzh
Ã‰ªŒ§,x“ŒŒS´…’¬,data2500/shizuoka/22341.lzh
Ã‰ªŒ§,x“ŒŒS’·ò’¬,data2500/shizuoka/22342.lzh
Ã‰ªŒ§,x“ŒŒS¬R’¬,data2500/shizuoka/22344.lzh
Ã‰ªŒ§,•xmŒSÅì’¬,data2500/shizuoka/22361.lzh
Ã‰ªŒ§,ˆÁŒ´ŒS•xmì’¬,data2500/shizuoka/22381.lzh
Ã‰ªŒ§,ˆÁŒ´ŒSŠ—Œ´’¬,data2500/shizuoka/22382.lzh
Ã‰ªŒ§,ˆÁŒ´ŒS—R”ä’¬,data2500/shizuoka/22383.lzh
Ã‰ªŒ§,u‘¾ŒS‰ª•”’¬,data2500/shizuoka/22401.lzh
Ã‰ªŒ§,u‘¾ŒS‘åˆäì’¬,data2500/shizuoka/22402.lzh
Ã‰ªŒ§,YŒ´ŒSŒä‘Oè’¬iŒ»İ‚ÍŒä‘Oèsj,data2500/shizuoka/22421.lzh
Ã‰ªŒ§,YŒ´ŒS‘Š—Ç’¬,data2500/shizuoka/22422.lzh
Ã‰ªŒ§,YŒ´ŒSYŒ´’¬,data2500/shizuoka/22423.lzh
Ã‰ªŒ§,YŒ´ŒS‹g“c’¬,data2500/shizuoka/22424.lzh
Ã‰ªŒ§,YŒ´ŒS‹à’J’¬,data2500/shizuoka/22425.lzh
Ã‰ªŒ§,¬Š}ŒS‘å{‰ê’¬,data2500/shizuoka/22442.lzh
Ã‰ªŒ§,¬Š}ŒS•l‰ª’¬iŒ»İ‚ÍŒä‘Oèsj,data2500/shizuoka/22444.lzh
Ã‰ªŒ§,¬Š}ŒS¬Š}’¬,data2500/shizuoka/22445.lzh
Ã‰ªŒ§,¬Š}ŒS‹eì’¬,data2500/shizuoka/22446.lzh
Ã‰ªŒ§,¬Š}ŒS‘å“Œ’¬,data2500/shizuoka/22447.lzh
Ã‰ªŒ§,ü’qŒSX’¬,data2500/shizuoka/22461.lzh
Ã‰ªŒ§,”Ö“cŒSó‰H’¬,data2500/shizuoka/22481.lzh
Ã‰ªŒ§,”Ö“cŒS•Ÿ“c’¬,data2500/shizuoka/22482.lzh
Ã‰ªŒ§,”Ö“cŒS—³—m’¬,data2500/shizuoka/22483.lzh
Ã‰ªŒ§,”Ö“cŒS–L“c’¬,data2500/shizuoka/22484.lzh
Ã‰ªŒ§,”Ö“cŒS–L‰ª‘º,data2500/shizuoka/22485.lzh
Ã‰ªŒ§,•l–¼ŒS•‘ã’¬,data2500/shizuoka/22502.lzh
Ã‰ªŒ§,•l–¼ŒSV‹’¬,data2500/shizuoka/22503.lzh
Ã‰ªŒ§,•l–¼ŒS—Y“¥’¬,data2500/shizuoka/22505.lzh
Ã‰ªŒ§,ˆø²ŒS×]’¬,data2500/shizuoka/22521.lzh
Ã‰ªŒ§,ˆø²ŒSˆø²’¬,data2500/shizuoka/22522.lzh
Ã‰ªŒ§,ˆø²ŒSOƒP“ú’¬,data2500/shizuoka/22523.lzh
ˆ¤’mŒ§,–¼ŒÃ‰®sçí‹æ,data2500/aichi/23101.lzh
ˆ¤’mŒ§,–¼ŒÃ‰®s“Œ‹æ,data2500/aichi/23102.lzh
ˆ¤’mŒ§,–¼ŒÃ‰®s–k‹æ,data2500/aichi/23103.lzh
ˆ¤’mŒ§,–¼ŒÃ‰®s¼‹æ,data2500/aichi/23104.lzh
ˆ¤’mŒ§,–¼ŒÃ‰®s’†‘º‹æ,data2500/aichi/23105.lzh
ˆ¤’mŒ§,–¼ŒÃ‰®s’†‹æ,data2500/aichi/23106.lzh
ˆ¤’mŒ§,–¼ŒÃ‰®sº˜a‹æ,data2500/aichi/23107.lzh
ˆ¤’mŒ§,–¼ŒÃ‰®s•ä‹æ,data2500/aichi/23108.lzh
ˆ¤’mŒ§,–¼ŒÃ‰®s”M“c‹æ,data2500/aichi/23109.lzh
ˆ¤’mŒ§,–¼ŒÃ‰®s’†ì‹æ,data2500/aichi/23110.lzh
ˆ¤’mŒ§,–¼ŒÃ‰®s`‹æ,data2500/aichi/23111.lzh
ˆ¤’mŒ§,–¼ŒÃ‰®s“ì‹æ,data2500/aichi/23112.lzh
ˆ¤’mŒ§,–¼ŒÃ‰®sçR‹æ,data2500/aichi/23113.lzh
ˆ¤’mŒ§,–¼ŒÃ‰®s—Î‹æ,data2500/aichi/23114.lzh
ˆ¤’mŒ§,–¼ŒÃ‰®s–¼“Œ‹æ,data2500/aichi/23115.lzh
ˆ¤’mŒ§,–¼ŒÃ‰®s“V”’‹æ,data2500/aichi/23116.lzh
ˆ¤’mŒ§,–L‹´s,data2500/aichi/23201.lzh
ˆ¤’mŒ§,‰ªès,data2500/aichi/23202.lzh
ˆ¤’mŒ§,ˆê‹{s,data2500/aichi/23203.lzh
ˆ¤’mŒ§,£ŒËs,data2500/aichi/23204.lzh
ˆ¤’mŒ§,”¼“cs,data2500/aichi/23205.lzh
ˆ¤’mŒ§,t“úˆäs,data2500/aichi/23206.lzh
ˆ¤’mŒ§,–Lìs,data2500/aichi/23207.lzh
ˆ¤’mŒ§,’Ã“‡s,data2500/aichi/23208.lzh
ˆ¤’mŒ§,•É“ìs,data2500/aichi/23209.lzh
ˆ¤’mŒ§,Š ’Js,data2500/aichi/23210.lzh
ˆ¤’mŒ§,–L“cs,data2500/aichi/23211.lzh
ˆ¤’mŒ§,ˆÀés,data2500/aichi/23212.lzh
ˆ¤’mŒ§,¼”ös,data2500/aichi/23213.lzh
ˆ¤’mŒ§,Š—ŒSs,data2500/aichi/23214.lzh
ˆ¤’mŒ§,Œ¢Rs,data2500/aichi/23215.lzh
ˆ¤’mŒ§,íŠŠs,data2500/aichi/23216.lzh
ˆ¤’mŒ§,]“ìs,data2500/aichi/23217.lzh
ˆ¤’mŒ§,”ö¼s,data2500/aichi/23218.lzh
ˆ¤’mŒ§,¬–qs,data2500/aichi/23219.lzh
ˆ¤’mŒ§,ˆî‘òs,data2500/aichi/23220.lzh
ˆ¤’mŒ§,Vés,data2500/aichi/23221.lzh
ˆ¤’mŒ§,“ŒŠCs,data2500/aichi/23222.lzh
ˆ¤’mŒ§,‘å•{s,data2500/aichi/23223.lzh
ˆ¤’mŒ§,’m‘½s,data2500/aichi/23224.lzh
ˆ¤’mŒ§,’m—§s,data2500/aichi/23225.lzh
ˆ¤’mŒ§,”ö’£ˆ®s,data2500/aichi/23226.lzh
ˆ¤’mŒ§,‚•ls,data2500/aichi/23227.lzh
ˆ¤’mŒ§,Šâ‘qs,data2500/aichi/23228.lzh
ˆ¤’mŒ§,–L–¾s,data2500/aichi/23229.lzh
ˆ¤’mŒ§,“úis,data2500/aichi/23230.lzh
ˆ¤’mŒ§,ˆ¤’mŒS“Œ‹½’¬,data2500/aichi/23302.lzh
ˆ¤’mŒ§,ˆ¤’mŒS’·‹vè’¬,data2500/aichi/23304.lzh
ˆ¤’mŒ§,¼t“úˆäŒS¼”ø”f“‡’¬,data2500/aichi/23341.lzh
ˆ¤’mŒ§,¼t“úˆäŒS–LR’¬,data2500/aichi/23342.lzh
ˆ¤’mŒ§,¼t“úˆäŒStŸ’¬,data2500/aichi/23343.lzh
ˆ¤’mŒ§,¼t“úˆäŒS¼t’¬,data2500/aichi/23344.lzh
ˆ¤’mŒ§,¼t“úˆäŒSt“ú’¬,data2500/aichi/23345.lzh
ˆ¤’mŒ§,¼t“úˆäŒS´F’¬,data2500/aichi/23346.lzh
ˆ¤’mŒ§,¼t“úˆäŒSVì’¬,data2500/aichi/23347.lzh
ˆ¤’mŒ§,’O‰HŒS‘åŒû’¬,data2500/aichi/23361.lzh
ˆ¤’mŒ§,’O‰HŒS•}ŒK’¬,data2500/aichi/23362.lzh
ˆ¤’mŒ§,—tŒIŒS–Ø‘]ì’¬,data2500/aichi/23381.lzh
ˆ¤’mŒ§,’†“‡ŒS‘c•ƒ]’¬,data2500/aichi/23401.lzh
ˆ¤’mŒ§,’†“‡ŒS•½˜a’¬,data2500/aichi/23402.lzh
ˆ¤’mŒ§,ŠC•”ŒSµ•ó’¬,data2500/aichi/23421.lzh
ˆ¤’mŒ§,ŠC•”ŒS”ü˜a’¬,data2500/aichi/23422.lzh
ˆ¤’mŒ§,ŠC•”ŒSr–Ú›’¬,data2500/aichi/23423.lzh
ˆ¤’mŒ§,ŠC•”ŒS‘å¡’¬,data2500/aichi/23424.lzh
ˆ¤’mŒ§,ŠC•”ŒSŠI]’¬,data2500/aichi/23425.lzh
ˆ¤’mŒ§,ŠC•”ŒS\lR‘º,data2500/aichi/23426.lzh
ˆ¤’mŒ§,ŠC•”ŒS”ò“‡‘º,data2500/aichi/23427.lzh
ˆ¤’mŒ§,ŠC•”ŒS–í•x’¬,data2500/aichi/23428.lzh
ˆ¤’mŒ§,ŠC•”ŒS²‰®’¬,data2500/aichi/23429.lzh
ˆ¤’mŒ§,ŠC•”ŒS—§“c‘º,data2500/aichi/23430.lzh
ˆ¤’mŒ§,ŠC•”ŒS”ªŠJ‘º,data2500/aichi/23431.lzh
ˆ¤’mŒ§,ŠC•”ŒS²D’¬,data2500/aichi/23432.lzh
ˆ¤’mŒ§,’m‘½ŒSˆ¢‹v”ä’¬,data2500/aichi/23441.lzh
ˆ¤’mŒ§,’m‘½ŒS“Œ‰Y’¬,data2500/aichi/23442.lzh
ˆ¤’mŒ§,’m‘½ŒS“ì’m‘½’¬,data2500/aichi/23445.lzh
ˆ¤’mŒ§,’m‘½ŒS”ü•l’¬,data2500/aichi/23446.lzh
ˆ¤’mŒ§,’m‘½ŒS•–L’¬,data2500/aichi/23447.lzh
ˆ¤’mŒ§,”¦“¤ŒSˆêF’¬,data2500/aichi/23481.lzh
ˆ¤’mŒ§,”¦“¤ŒS‹g—Ç’¬,data2500/aichi/23482.lzh
ˆ¤’mŒ§,”¦“¤ŒS”¦“¤’¬,data2500/aichi/23483.lzh
ˆ¤’mŒ§,Šz“cŒSK“c’¬,data2500/aichi/23501.lzh
ˆ¤’mŒ§,¼‰Á–ÎŒSOD’¬,data2500/aichi/23521.lzh
ˆ¤’mŒ§,¼‰Á–ÎŒS“¡‰ª’¬,data2500/aichi/23522.lzh
ˆ¤’mŒ§,•ó”ÑŒS‰¹‰H’¬,data2500/aichi/23601.lzh
ˆ¤’mŒ§,•ó”ÑŒSˆê‹{’¬,data2500/aichi/23602.lzh
ˆ¤’mŒ§,•ó”ÑŒS¬âˆä’¬,data2500/aichi/23603.lzh
ˆ¤’mŒ§,•ó”ÑŒSŒä’Ã’¬,data2500/aichi/23604.lzh
ˆ¤’mŒ§,ˆ­”üŒS“cŒ´’¬iŒ»İ‚Í“cŒ´sj,data2500/aichi/23621.lzh
ˆ¤’mŒ§,ˆ­”üŒSÔ‰Hª’¬iŒ»İ‚Í“cŒ´sj,data2500/aichi/23622.lzh
ˆ¤’mŒ§,ˆ­”üŒSˆ­”ü’¬,data2500/aichi/23623.lzh
OdŒ§,’Ãs,data2500/mie/24201.lzh
OdŒ§,l“úss,data2500/mie/24202.lzh
OdŒ§,ˆÉ¨s,data2500/mie/24203.lzh
OdŒ§,¼ãs,data2500/mie/24204.lzh
OdŒ§,ŒK–¼s,data2500/mie/24205.lzh
OdŒ§,ã–ìs,data2500/mie/24206.lzh
OdŒ§,—é­s,data2500/mie/24207.lzh
OdŒ§,–¼’£s,data2500/mie/24208.lzh
OdŒ§,”ö˜hs,data2500/mie/24209.lzh
OdŒ§,‹TRs,data2500/mie/24210.lzh
OdŒ§,’¹‰Hs,data2500/mie/24211.lzh
OdŒ§,ŒF–ìs,data2500/mie/24212.lzh
OdŒ§,‹v‹s,data2500/mie/24213.lzh
OdŒ§,ŒK–¼ŒS‘½“x’¬,data2500/mie/24301.lzh
OdŒ§,ŒK–¼ŒS’·“‡’¬,data2500/mie/24302.lzh
OdŒ§,ŒK–¼ŒS–Ø‘]–¦’¬,data2500/mie/24303.lzh
OdŒ§,ˆõ•ÙŒS–k¨’¬iŒ»İ‚Í‚¢‚È‚×sj,data2500/mie/24321.lzh
OdŒ§,ˆõ•ÙŒSˆõ•Ù’¬iŒ»İ‚Í‚¢‚È‚×sj,data2500/mie/24322.lzh
OdŒ§,ˆõ•ÙŒS‘åˆÀ’¬iŒ»İ‚Í‚¢‚È‚×sj,data2500/mie/24323.lzh
OdŒ§,ˆõ•ÙŒS“Œˆõ’¬,data2500/mie/24324.lzh
OdŒ§,OdŒSŒÔ–ì’¬,data2500/mie/24341.lzh
OdŒ§,OdŒS“í’¬,data2500/mie/24342.lzh
OdŒ§,OdŒS’©“ú’¬,data2500/mie/24343.lzh
OdŒ§,OdŒSì‰z’¬,data2500/mie/24344.lzh
OdŒ§,—é­ŒSŠÖ’¬,data2500/mie/24361.lzh
OdŒ§,ˆÀŒ|ŒS‰ÍŒ|’¬,data2500/mie/24381.lzh
OdŒ§,ˆÀŒ|ŒSŒ|”Z’¬,data2500/mie/24382.lzh
OdŒ§,ˆÀŒ|ŒSˆÀ”Z’¬,data2500/mie/24384.lzh
OdŒ§,ˆêuŒS—ÇF’¬,data2500/mie/24402.lzh
OdŒ§,ˆêuŒSŠğ–ì’¬,data2500/mie/24405.lzh
OdŒ§,ˆêuŒSO‰_’¬,data2500/mie/24407.lzh
OdŒ§,‘½‹CŒS–¾˜a’¬,data2500/mie/24442.lzh
OdŒ§,“x‰ïŒS‹Êé’¬,data2500/mie/24461.lzh
OdŒ§,“x‰ïŒS“ñŒ©’¬,data2500/mie/24462.lzh
OdŒ§,“x‰ïŒS¬–“’¬,data2500/mie/24463.lzh
OdŒ§,“x‰ïŒS“ì¨’¬,data2500/mie/24464.lzh
OdŒ§,“x‰ïŒSŒä‰’‘º,data2500/mie/24468.lzh
OdŒ§,ˆ¢RŒSˆÉ‰ê’¬,data2500/mie/24481.lzh
OdŒ§,ˆ¢RŒSˆ¢R’¬,data2500/mie/24483.lzh
OdŒ§,–¼‰êŒSÂR’¬,data2500/mie/24501.lzh
OdŒ§,u–€ŒS•l“‡’¬,data2500/mie/24521.lzh
OdŒ§,u–€ŒS‘å‰¤’¬,data2500/mie/24522.lzh
OdŒ§,u–€ŒSu–€’¬,data2500/mie/24523.lzh
OdŒ§,u–€ŒSˆ¢™’¬,data2500/mie/24524.lzh
OdŒ§,u–€ŒSˆé•”’¬,data2500/mie/24525.lzh
OdŒ§,–k–´˜KŒS‹IˆÉ’·“‡’¬,data2500/mie/24541.lzh
OdŒ§,“ì–´˜KŒSŒä•l’¬,data2500/mie/24561.lzh
 ‰êŒ§,‘å’Ãs,data2500/shiga/25201.lzh
 ‰êŒ§,•Fªs,data2500/shiga/25202.lzh
 ‰êŒ§,’·•ls,data2500/shiga/25203.lzh
 ‰êŒ§,‹ß]”ª”¦s,data2500/shiga/25204.lzh
 ‰êŒ§,”ª“úss,data2500/shiga/25205.lzh
 ‰êŒ§,‘’Ãs,data2500/shiga/25206.lzh
 ‰êŒ§,çRs,data2500/shiga/25207.lzh
 ‰êŒ§, ‰êŒSu‰ê’¬,data2500/shiga/25301.lzh
 ‰êŒ§,–ìFŒS’†å’¬,data2500/shiga/25342.lzh
 ‰êŒ§,–ìFŒS–ìF’¬,data2500/shiga/25343.lzh
 ‰êŒ§,b‰êŒSÎ•”’¬,data2500/shiga/25361.lzh
 ‰êŒ§,b‰êŒSb¼’¬,data2500/shiga/25362.lzh
 ‰êŒ§,b‰êŒS…Œû’¬,data2500/shiga/25363.lzh
 ‰êŒ§,b‰êŒS“yR’¬,data2500/shiga/25364.lzh
 ‰êŒ§,b‰êŒSb‰ê’¬,data2500/shiga/25365.lzh
 ‰êŒ§,b‰êŒSb“ì’¬,data2500/shiga/25366.lzh
 ‰êŒ§,b‰êŒSMŠy’¬,data2500/shiga/25367.lzh
 ‰êŒ§,Š—¶ŒSˆÀ“y’¬,data2500/shiga/25381.lzh
 ‰êŒ§,Š—¶ŒSŠ—¶’¬,data2500/shiga/25382.lzh
 ‰êŒ§,Š—¶ŒS“ú–ì’¬,data2500/shiga/25383.lzh
 ‰êŒ§,Š—¶ŒS—³‰¤’¬,data2500/shiga/25384.lzh
 ‰êŒ§,_èŒSŒÜŒÂ‘‘’¬,data2500/shiga/25402.lzh
 ‰êŒ§,_èŒS”\“oì’¬,data2500/shiga/25403.lzh
 ‰êŒ§,ˆ¤’mŒSˆ¤“Œ’¬,data2500/shiga/25421.lzh
 ‰êŒ§,ˆ¤’mŒSŒÎ“Œ’¬,data2500/shiga/25422.lzh
 ‰êŒ§,ˆ¤’mŒS`‘‘’¬,data2500/shiga/25423.lzh
 ‰êŒ§,ˆ¤’mŒSˆ¤’mì’¬,data2500/shiga/25424.lzh
 ‰êŒ§,Œ¢ãŒS–L‹½’¬,data2500/shiga/25441.lzh
 ‰êŒ§,Œ¢ãŒSb—Ç’¬,data2500/shiga/25442.lzh
 ‰êŒ§,Œ¢ãŒS‘½‰ê’¬,data2500/shiga/25443.lzh
 ‰êŒ§,â“cŒSR“Œ’¬,data2500/shiga/25461.lzh
 ‰êŒ§,â“cŒSˆÉ’¬,data2500/shiga/25462.lzh
 ‰êŒ§,â“cŒS•ÄŒ´’¬,data2500/shiga/25463.lzh
 ‰êŒ§,â“cŒS‹ß]’¬,data2500/shiga/25464.lzh
 ‰êŒ§,“ŒóˆäŒSóˆä’¬,data2500/shiga/25481.lzh
 ‰êŒ§,“ŒóˆäŒSŒÕ•P’¬,data2500/shiga/25482.lzh
 ‰êŒ§,“ŒóˆäŒSŒÎ–k’¬,data2500/shiga/25483.lzh
 ‰êŒ§,“ŒóˆäŒS‚Ñ‚í’¬,data2500/shiga/25484.lzh
 ‰êŒ§,ˆÉŒS‚Œ’¬,data2500/shiga/25501.lzh
 ‰êŒ§,ˆÉŒS–Ø”V–{’¬,data2500/shiga/25502.lzh
 ‰êŒ§,‚“‡ŒSƒ}ƒLƒm’¬,data2500/shiga/25521.lzh
 ‰êŒ§,‚“‡ŒS¡’Ã’¬,data2500/shiga/25522.lzh
 ‰êŒ§,‚“‡ŒSˆÀ“Üì’¬,data2500/shiga/25524.lzh
 ‰êŒ§,‚“‡ŒS‚“‡’¬,data2500/shiga/25525.lzh
 ‰êŒ§,‚“‡ŒSVˆ®’¬,data2500/shiga/25526.lzh
‹“s•{,‹“ss–k‹æ,data2500/kyoto/26101.lzh
‹“s•{,‹“ssã‹‹æ,data2500/kyoto/26102.lzh
‹“s•{,‹“ss¶‹‹æ,data2500/kyoto/26103.lzh
‹“s•{,‹“ss’†‹‹æ,data2500/kyoto/26104.lzh
‹“s•{,‹“ss“ŒR‹æ,data2500/kyoto/26105.lzh
‹“s•{,‹“ss‰º‹‹æ,data2500/kyoto/26106.lzh
‹“s•{,‹“ss“ì‹æ,data2500/kyoto/26107.lzh
‹“s•{,‹“ss‰E‹‹æ,data2500/kyoto/26108.lzh
‹“s•{,‹“ss•šŒ©‹æ,data2500/kyoto/26109.lzh
‹“s•{,‹“ssR‰È‹æ,data2500/kyoto/26110.lzh
‹“s•{,‹“ss¼‹‹æ,data2500/kyoto/26111.lzh
‹“s•{,•Ÿ’mRs,data2500/kyoto/26201.lzh
‹“s•{,•‘’ßs,data2500/kyoto/26202.lzh
‹“s•{,ˆ»•”s,data2500/kyoto/26203.lzh
‹“s•{,‰F¡s,data2500/kyoto/26204.lzh
‹“s•{,‹{’Ãs,data2500/kyoto/26205.lzh
‹“s•{,‹T‰ªs,data2500/kyoto/26206.lzh
‹“s•{,é—zs,data2500/kyoto/26207.lzh
‹“s•{,Œü“ús,data2500/kyoto/26208.lzh
‹“s•{,’·‰ª‹s,data2500/kyoto/26209.lzh
‹“s•{,”ª”¦s,data2500/kyoto/26210.lzh
‹“s•{,‹“c•Ós,data2500/kyoto/26342.lzh
‹“s•{,‰³ŒPŒS‘åRè’¬,data2500/kyoto/26303.lzh
‹“s•{,‹v¢ŒS‹vŒäR’¬,data2500/kyoto/26322.lzh
‹“s•{,’ÔŠìŒSˆäè’¬,data2500/kyoto/26343.lzh
‹“s•{,’ÔŠìŒS‰F¡“cŒ´’¬,data2500/kyoto/26344.lzh
‹“s•{,‘ŠŠyŒSRé’¬,data2500/kyoto/26361.lzh
‹“s•{,‘ŠŠyŒS–Ø’Ã’¬,data2500/kyoto/26362.lzh
‹“s•{,‘ŠŠyŒS‰Á–Î’¬,data2500/kyoto/26363.lzh
‹“s•{,‘ŠŠyŒS¸‰Ø’¬,data2500/kyoto/26366.lzh
‹“s•{,‘DˆäŒS‰€•”’¬,data2500/kyoto/26401.lzh
‹“s•{,‘DˆäŒS”ª–Ø’¬,data2500/kyoto/26402.lzh
‹“s•{,‘DˆäŒS’O”g’¬,data2500/kyoto/26403.lzh
‹“s•{,‰Á²ŒS‘å]’¬,data2500/kyoto/26441.lzh
‹“s•{,—^ÓŒSŠâ‘ê’¬,data2500/kyoto/26462.lzh
‹“s•{,’†ŒS•ôR’¬iŒ»İ‚Í‹’OŒãsj,data2500/kyoto/26481.lzh
‹“s•{,’|–ìŒS–Ô–ì’¬iŒ»İ‚Í‹’OŒãsj,data2500/kyoto/26501.lzh
‘åã•{,‘åãs“s“‡‹æ,data2500/osaka/27102.lzh
‘åã•{,‘åãs•Ÿ“‡‹æ,data2500/osaka/27103.lzh
‘åã•{,‘åãsŸ‰Ô‹æ,data2500/osaka/27104.lzh
‘åã•{,‘åãs¼‹æ,data2500/osaka/27106.lzh
‘åã•{,‘åãs`‹æ,data2500/osaka/27107.lzh
‘åã•{,‘åãs‘å³‹æ,data2500/osaka/27108.lzh
‘åã•{,‘åãs“V‰¤›‹æ,data2500/osaka/27109.lzh
‘åã•{,‘åãs˜Q‘¬‹æ,data2500/osaka/27111.lzh
‘åã•{,‘åãs¼—„ì‹æ,data2500/osaka/27113.lzh
‘åã•{,‘åãs“Œ—„ì‹æ,data2500/osaka/27114.lzh
‘åã•{,‘åãs“Œ¬‹æ,data2500/osaka/27115.lzh
‘åã•{,‘åãs¶–ì‹æ,data2500/osaka/27116.lzh
‘åã•{,‘åãsˆ®‹æ,data2500/osaka/27117.lzh
‘åã•{,‘åãsé“Œ‹æ,data2500/osaka/27118.lzh
‘åã•{,‘åãsˆ¢”{–ì‹æ,data2500/osaka/27119.lzh
‘åã•{,‘åãsZ‹g‹æ,data2500/osaka/27120.lzh
‘åã•{,‘åãs“ŒZ‹g‹æ,data2500/osaka/27121.lzh
‘åã•{,‘åãs¼¬‹æ,data2500/osaka/27122.lzh
‘åã•{,‘åãs—„ì‹æ,data2500/osaka/27123.lzh
‘åã•{,‘åãs’ßŒ©‹æ,data2500/osaka/27124.lzh
‘åã•{,‘åãsZ”V]‹æ,data2500/osaka/27125.lzh
‘åã•{,‘åãs•½–ì‹æ,data2500/osaka/27126.lzh
‘åã•{,‘åãs–k‹æ,data2500/osaka/27127.lzh
‘åã•{,‘åãs’†‰›‹æ,data2500/osaka/27128.lzh
‘åã•{,äs,data2500/osaka/27201.lzh
‘åã•{,Šİ˜a“cs,data2500/osaka/27202.lzh
‘åã•{,–L’†s,data2500/osaka/27203.lzh
‘åã•{,’r“cs,data2500/osaka/27204.lzh
‘åã•{,“cs,data2500/osaka/27205.lzh
‘åã•{,ò‘å’Ãs,data2500/osaka/27206.lzh
‘åã•{,‚’Îs,data2500/osaka/27207.lzh
‘åã•{,ŠL’Ës,data2500/osaka/27208.lzh
‘åã•{,çŒûs,data2500/osaka/27209.lzh
‘åã•{,–‡•ûs,data2500/osaka/27210.lzh
‘åã•{,ˆï–Øs,data2500/osaka/27211.lzh
‘åã•{,”ª”ös,data2500/osaka/27212.lzh
‘åã•{,ò²–ìs,data2500/osaka/27213.lzh
‘åã•{,•x“c—Ñs,data2500/osaka/27214.lzh
‘åã•{,Q‰®ìs,data2500/osaka/27215.lzh
‘åã•{,‰Í“à’·–ìs,data2500/osaka/27216.lzh
‘åã•{,¼Œ´s,data2500/osaka/27217.lzh
‘åã•{,‘å“Œs,data2500/osaka/27218.lzh
‘åã•{,˜aòs,data2500/osaka/27219.lzh
‘åã•{,–¥–Ês,data2500/osaka/27220.lzh
‘åã•{,”Œ´s,data2500/osaka/27221.lzh
‘åã•{,‰H‰g–ìs,data2500/osaka/27222.lzh
‘åã•{,–å^s,data2500/osaka/27223.lzh
‘åã•{,Û’Ãs,data2500/osaka/27224.lzh
‘åã•{,‚Îs,data2500/osaka/27225.lzh
‘åã•{,“¡ˆä›s,data2500/osaka/27226.lzh
‘åã•{,“Œ‘åãs,data2500/osaka/27227.lzh
‘åã•{,ò“ìs,data2500/osaka/27228.lzh
‘åã•{,lŠ“ës,data2500/osaka/27229.lzh
‘åã•{,Œğ–ìs,data2500/osaka/27230.lzh
‘åã•{,‘åã‹·Rs,data2500/osaka/27231.lzh
‘åã•{,ã“ìs,data2500/osaka/27232.lzh
‘åã•{,O“‡ŒS“‡–{’¬,data2500/osaka/27301.lzh
‘åã•{,–L”\ŒS–L”\’¬,data2500/osaka/27321.lzh
‘åã•{,–L”\ŒS”\¨’¬,data2500/osaka/27322.lzh
‘åã•{,ò–kŒS’‰‰ª’¬,data2500/osaka/27341.lzh
‘åã•{,ò“ìŒSŒFæ’¬,data2500/osaka/27361.lzh
‘åã•{,ò“ìŒS“cK’¬,data2500/osaka/27362.lzh
‘åã•{,ò“ìŒS–¦’¬,data2500/osaka/27366.lzh
‘åã•{,“ì‰Í“àŒS‘¾q’¬,data2500/osaka/27381.lzh
‘åã•{,“ì‰Í“àŒS‰Í“ì’¬,data2500/osaka/27382.lzh
‘åã•{,“ì‰Í“àŒSç‘Ôã‘º,data2500/osaka/27383.lzh
‘åã•{,“ì‰Í“àŒS”üŒ´’¬,data2500/osaka/27385.lzh
•ºŒÉŒ§,_ŒËs“Œ“å‹æ,data2500/hyougo/28101.lzh
•ºŒÉŒ§,_ŒËs“å‹æ,data2500/hyougo/28102.lzh
•ºŒÉŒ§,_ŒËs•ºŒÉ‹æ,data2500/hyougo/28105.lzh
•ºŒÉŒ§,_ŒËs’·“c‹æ,data2500/hyougo/28106.lzh
•ºŒÉŒ§,_ŒËs{–‹æ,data2500/hyougo/28107.lzh
•ºŒÉŒ§,_ŒËs‚…‹æ,data2500/hyougo/28108.lzh
•ºŒÉŒ§,_ŒËs–k‹æ,data2500/hyougo/28109.lzh
•ºŒÉŒ§,_ŒËs’†‰›‹æ,data2500/hyougo/28110.lzh
•ºŒÉŒ§,_ŒËs¼‹æ,data2500/hyougo/28111.lzh
•ºŒÉŒ§,•P˜Hs,data2500/hyougo/28201.lzh
•ºŒÉŒ§,“òès,data2500/hyougo/28202.lzh
•ºŒÉŒ§,–¾Îs,data2500/hyougo/28203.lzh
•ºŒÉŒ§,¼‹{s,data2500/hyougo/28204.lzh
•ºŒÉŒ§,F–{s,data2500/hyougo/28205.lzh
•ºŒÉŒ§,ˆ°‰®s,data2500/hyougo/28206.lzh
•ºŒÉŒ§,ˆÉ’Os,data2500/hyougo/28207.lzh
•ºŒÉŒ§,‘Š¶s,data2500/hyougo/28208.lzh
•ºŒÉŒ§,–L‰ªs,data2500/hyougo/28209.lzh
•ºŒÉŒ§,‰ÁŒÃìs,data2500/hyougo/28210.lzh
•ºŒÉŒ§,—´–ìs,data2500/hyougo/28211.lzh
•ºŒÉŒ§,Ô•äs,data2500/hyougo/28212.lzh
•ºŒÉŒ§,¼˜es,data2500/hyougo/28213.lzh
•ºŒÉŒ§,•ó’Ës,data2500/hyougo/28214.lzh
•ºŒÉŒ§,O–Øs,data2500/hyougo/28215.lzh
•ºŒÉŒ§,‚»s,data2500/hyougo/28216.lzh
•ºŒÉŒ§,ì¼s,data2500/hyougo/28217.lzh
•ºŒÉŒ§,¬–ìs,data2500/hyougo/28218.lzh
•ºŒÉŒ§,O“cs,data2500/hyougo/28219.lzh
•ºŒÉŒ§,‰Á¼s,data2500/hyougo/28220.lzh
•ºŒÉŒ§,ÂRs,data2500/hyougo/28221.lzh
•ºŒÉŒ§,ì•ÓŒS’––¼ì’¬,data2500/hyougo/28301.lzh
•ºŒÉŒ§,”ü”XŒS‹gì’¬,data2500/hyougo/28321.lzh
•ºŒÉŒ§,‰Á“ŒŒSĞ’¬,data2500/hyougo/28341.lzh
•ºŒÉŒ§,‰Á“ŒŒS‘ê–ì’¬,data2500/hyougo/28342.lzh
•ºŒÉŒ§,‰Á“ŒŒS“Œğ’¬,data2500/hyougo/28343.lzh
•ºŒÉŒ§,‘½‰ÂŒS’†’¬,data2500/hyougo/28361.lzh
•ºŒÉŒ§,‰ÁŒÃŒSˆî”ü’¬,data2500/hyougo/28381.lzh
•ºŒÉŒ§,‰ÁŒÃŒS”d–’¬,data2500/hyougo/28382.lzh
•ºŒÉŒ§,_èŒS•Ÿè’¬,data2500/hyougo/28443.lzh
•ºŒÉŒ§,_èŒS›’¬,data2500/hyougo/28444.lzh
•ºŒÉŒ§,—K•ÛŒSV‹{’¬,data2500/hyougo/28461.lzh
•ºŒÉŒ§,—K•ÛŒS—K•Ûì’¬,data2500/hyougo/28462.lzh
•ºŒÉŒ§,—K•ÛŒSŒä’Ã’¬,data2500/hyougo/28463.lzh
•ºŒÉŒ§,—K•ÛŒS‘¾q’¬,data2500/hyougo/28464.lzh
•ºŒÉŒ§,Ô•äŒSãŒS’¬,data2500/hyougo/28481.lzh
•ºŒÉŒ§,²—pŒSO“úŒ’¬,data2500/hyougo/28504.lzh
•ºŒÉŒ§,³ˆ¾ŒSRè’¬,data2500/hyougo/28521.lzh
•ºŒÉŒ§,éèŒSéè’¬,data2500/hyougo/28541.lzh
•ºŒÉŒ§,éèŒS’|–ì’¬,data2500/hyougo/28542.lzh
•ºŒÉŒ§,éèŒSZ’¬,data2500/hyougo/28543.lzh
•ºŒÉŒ§,éèŒS“ú‚’¬,data2500/hyougo/28544.lzh
•ºŒÉŒ§,oÎŒSoÎ’¬,data2500/hyougo/28561.lzh
•ºŒÉŒ§,”ü•ûŒS•lâ’¬,data2500/hyougo/28582.lzh
•ºŒÉŒ§,—{•ƒŒS”ª­’¬iŒ»İ‚Í—{•ƒsj,data2500/hyougo/28601.lzh
•ºŒÉŒ§,’©—ˆŒS˜a“cR’¬,data2500/hyougo/28622.lzh
•ºŒÉŒ§,•XãŒS”Œ´’¬,data2500/hyougo/28641.lzh
•ºŒÉŒ§,•XãŒS•Xã’¬,data2500/hyougo/28642.lzh
•ºŒÉŒ§,•XãŒSt“ú’¬,data2500/hyougo/28644.lzh
•ºŒÉŒ§,’Ã–¼ŒS’Ã–¼’¬,data2500/hyougo/28681.lzh
•ºŒÉŒ§,’Ã–¼ŒS’W˜H’¬,data2500/hyougo/28682.lzh
•ºŒÉŒ§,’Ã–¼ŒS–k’W’¬,data2500/hyougo/28683.lzh
•ºŒÉŒ§,’Ã–¼ŒS“Œ‰Y’¬,data2500/hyougo/28686.lzh
•ºŒÉŒ§,OŒ´ŒS—Î’¬,data2500/hyougo/28701.lzh
•ºŒÉŒ§,OŒ´ŒS¼’W’¬,data2500/hyougo/28702.lzh
•ºŒÉŒ§,OŒ´ŒS“ì’W’¬,data2500/hyougo/28704.lzh
“Ş—ÇŒ§,“Ş—Çs,data2500/nara/29201.lzh
“Ş—ÇŒ§,‘å˜a‚“cs,data2500/nara/29202.lzh
“Ş—ÇŒ§,‘å˜aŒSRs,data2500/nara/29203.lzh
“Ş—ÇŒ§,“V—s,data2500/nara/29204.lzh
“Ş—ÇŒ§,Š€Œ´s,data2500/nara/29205.lzh
“Ş—ÇŒ§,÷ˆäs,data2500/nara/29206.lzh
“Ş—ÇŒ§,ŒÜŠs,data2500/nara/29207.lzh
“Ş—ÇŒ§,ŒäŠs,data2500/nara/29208.lzh
“Ş—ÇŒ§,¶‹îs,data2500/nara/29209.lzh
“Ş—ÇŒ§,Ås,data2500/nara/29210.lzh
“Ş—ÇŒ§,R•ÓŒS“sŒV‘º,data2500/nara/29321.lzh
“Ş—ÇŒ§,¶‹îŒS•½ŒQ’¬,data2500/nara/29342.lzh
“Ş—ÇŒ§,¶‹îŒSO‹½’¬,data2500/nara/29343.lzh
“Ş—ÇŒ§,¶‹îŒS”Á”µ’¬,data2500/nara/29344.lzh
“Ş—ÇŒ§,¶‹îŒSˆÀ“g’¬,data2500/nara/29345.lzh
“Ş—ÇŒ§,ˆééŒSì¼’¬,data2500/nara/29361.lzh
“Ş—ÇŒ§,ˆééŒSO‘î’¬,data2500/nara/29362.lzh
“Ş—ÇŒ§,ˆééŒS“cŒ´–{’¬,data2500/nara/29363.lzh
“Ş—ÇŒ§,‰F‘ÉŒS‘å‰F‘É’¬,data2500/nara/29381.lzh
“Ş—ÇŒ§,‰F‘ÉŒS“p“c–ì’¬,data2500/nara/29382.lzh
“Ş—ÇŒ§,‰F‘ÉŒSYŒ´’¬,data2500/nara/29383.lzh
“Ş—ÇŒ§,‚sŒS‚æ’¬,data2500/nara/29401.lzh
“Ş—ÇŒ§,‚sŒS–¾“ú‘º,data2500/nara/29402.lzh
“Ş—ÇŒ§,–kŠ‹éŒSV¯’¬,data2500/nara/29421.lzh
“Ş—ÇŒ§,–kŠ‹éŒSác–ƒ’¬,data2500/nara/29422.lzh
“Ş—ÇŒ§,–kŠ‹éŒSã–q’¬,data2500/nara/29424.lzh
“Ş—ÇŒ§,–kŠ‹éŒS‰¤›’¬,data2500/nara/29425.lzh
“Ş—ÇŒ§,–kŠ‹éŒSL—Ë’¬,data2500/nara/29426.lzh
“Ş—ÇŒ§,–kŠ‹éŒS‰Í‡’¬,data2500/nara/29427.lzh
“Ş—ÇŒ§,‹g–ìŒS‹g–ì’¬,data2500/nara/29441.lzh
“Ş—ÇŒ§,‹g–ìŒS‘å—„’¬,data2500/nara/29442.lzh
“Ş—ÇŒ§,‹g–ìŒS‰ºs’¬,data2500/nara/29443.lzh
˜a‰ÌRŒ§,˜a‰ÌRs,data2500/wakayama/30201.lzh
˜a‰ÌRŒ§,ŠC“ìs,data2500/wakayama/30202.lzh
˜a‰ÌRŒ§,‹´–{s,data2500/wakayama/30203.lzh
˜a‰ÌRŒ§,—L“cs,data2500/wakayama/30204.lzh
˜a‰ÌRŒ§,Œä–Vs,data2500/wakayama/30205.lzh
˜a‰ÌRŒ§,“c•Ós,data2500/wakayama/30206.lzh
˜a‰ÌRŒ§,V‹{s,data2500/wakayama/30207.lzh
˜a‰ÌRŒ§,ŠC‘ŒS‰º’Ã’¬,data2500/wakayama/30301.lzh
˜a‰ÌRŒ§,“ß‰êŒS‘Å“c’¬,data2500/wakayama/30321.lzh
˜a‰ÌRŒ§,“ß‰êŒS•²‰Í’¬,data2500/wakayama/30322.lzh
˜a‰ÌRŒ§,“ß‰êŒS“ß‰ê’¬,data2500/wakayama/30323.lzh
˜a‰ÌRŒ§,“ß‰êŒS‹Muì’¬,data2500/wakayama/30325.lzh
˜a‰ÌRŒ§,“ß‰êŒSŠâo’¬,data2500/wakayama/30326.lzh
˜a‰ÌRŒ§,ˆÉ“sŒS‚©‚Â‚ç‚¬’¬,data2500/wakayama/30341.lzh
˜a‰ÌRŒ§,ˆÉ“sŒS‚–ìŒû’¬,data2500/wakayama/30342.lzh
˜a‰ÌRŒ§,ˆÉ“sŒS‹ã“xR’¬,data2500/wakayama/30343.lzh
˜a‰ÌRŒ§,ˆÉ“sŒS‚–ì’¬,data2500/wakayama/30344.lzh
˜a‰ÌRŒ§,—L“cŒS“’ó’¬,data2500/wakayama/30361.lzh
˜a‰ÌRŒ§,—L“cŒS‹g”õ’¬,data2500/wakayama/30363.lzh
˜a‰ÌRŒ§,“ú‚ŒS”ü•l’¬,data2500/wakayama/30381.lzh
˜a‰ÌRŒ§,“ú‚ŒS—R—Ç’¬,data2500/wakayama/30383.lzh
˜a‰ÌRŒ§,“ú‚ŒS“ì•”’¬,data2500/wakayama/30389.lzh
˜a‰ÌRŒ§,¼–´˜KŒS”’•l’¬,data2500/wakayama/30401.lzh
˜a‰ÌRŒ§,¼–´˜KŒSã•x“c’¬,data2500/wakayama/30404.lzh
˜a‰ÌRŒ§,¼–´˜KŒS“ú’uì’¬,data2500/wakayama/30405.lzh
˜a‰ÌRŒ§,¼–´˜KŒS‚·‚³‚İ’¬,data2500/wakayama/30406.lzh
˜a‰ÌRŒ§,¼–´˜KŒS‹ø–{’¬,data2500/wakayama/30407.lzh
˜a‰ÌRŒ§,“Œ–´˜KŒS“ß’qŸ‰Y’¬,data2500/wakayama/30421.lzh
˜a‰ÌRŒ§,“Œ–´˜KŒS‘¾’n’¬,data2500/wakayama/30422.lzh
˜a‰ÌRŒ§,“Œ–´˜KŒSŒÃÀ’¬,data2500/wakayama/30423.lzh
’¹æŒ§,’¹æs,data2500/tottori/31201.lzh
’¹æŒ§,•Äqs,data2500/tottori/31202.lzh
’¹æŒ§,‘q‹gs,data2500/tottori/31203.lzh
’¹æŒ§,‹«`s,data2500/tottori/31204.lzh
’¹æŒ§,Šâ”üŒS‘•{’¬,data2500/tottori/31301.lzh
’¹æŒ§,Šâ”üŒSŠâ”ü’¬,data2500/tottori/31302.lzh
’¹æŒ§,”ª“ªŒSŒS‰Æ’¬,data2500/tottori/31321.lzh
’¹æŒ§,”ª“ªŒS‘D‰ª’¬,data2500/tottori/31322.lzh
’¹æŒ§,”ª“ªŒS‰ÍŒ´’¬,data2500/tottori/31323.lzh
’¹æŒ§,”ª“ªŒSá÷’¬,data2500/tottori/31325.lzh
’¹æŒ§,”ª“ªŒS’q“ª’¬,data2500/tottori/31328.lzh
’¹æŒ§,‹C‚ŒS‹C‚’¬,data2500/tottori/31341.lzh
’¹æŒ§,‹C‚ŒS­–ì’¬,data2500/tottori/31342.lzh
’¹æŒ§,‹C‚ŒSÂ’J’¬,data2500/tottori/31343.lzh
’¹æŒ§,“Œ”ŒŒS‰H‡’¬,data2500/tottori/31361.lzh
’¹æŒ§,“Œ”ŒŒS“Œ‹½’¬,data2500/tottori/31363.lzh
’¹æŒ§,“Œ”ŒŒSO’©’¬,data2500/tottori/31364.lzh
’¹æŒ§,“Œ”ŒŒSŠÖ‹à’¬,data2500/tottori/31365.lzh
’¹æŒ§,“Œ”ŒŒS“Œ”Œ’¬,data2500/tottori/31368.lzh
’¹æŒ§,“Œ”ŒŒSÔê’¬,data2500/tottori/31369.lzh
’¹æŒ§,¼”ŒŒS“ú‹g’Ã‘º,data2500/tottori/31384.lzh
’¹æŒ§,¼”ŒŒS—„]’¬,data2500/tottori/31385.lzh
“‡ªŒ§,¼]s,data2500/shimane/32201.lzh
“‡ªŒ§,•l“cs,data2500/shimane/32202.lzh
“‡ªŒ§,o‰_s,data2500/shimane/32203.lzh
“‡ªŒ§,‰v“cs,data2500/shimane/32204.lzh
“‡ªŒ§,‘å“cs,data2500/shimane/32205.lzh
“‡ªŒ§,ˆÀ—ˆs,data2500/shimane/32206.lzh
“‡ªŒ§,]’Ãs,data2500/shimane/32207.lzh
“‡ªŒ§,•½“cs,data2500/shimane/32208.lzh
“‡ªŒ§,”ª‘©ŒS“Œo‰_’¬,data2500/shimane/32304.lzh
“‡ªŒ§,”ª‘©ŒS‹Ê“’’¬,data2500/shimane/32306.lzh
“‡ªŒ§,”ª‘©ŒS³“¹’¬,data2500/shimane/32307.lzh
“‡ªŒ§,”\‹`ŒSL£’¬,data2500/shimane/32321.lzh
“‡ªŒ§,m‘½ŒSm‘½’¬,data2500/shimane/32341.lzh
“‡ªŒ§,m‘½ŒS‰¡“c’¬,data2500/shimane/32342.lzh
“‡ªŒ§,‘åŒ´ŒS‘å“Œ’¬,data2500/shimane/32361.lzh
“‡ªŒ§,‘åŒ´ŒS‰Á–Î’¬,data2500/shimane/32362.lzh
“‡ªŒ§,‘åŒ´ŒS–ØŸ’¬,data2500/shimane/32363.lzh
“‡ªŒ§,”ÑÎŒSO“‰®’¬,data2500/shimane/32381.lzh
“‡ªŒ§,”ôìŒS”ãì’¬,data2500/shimane/32401.lzh
“‡ªŒ§,”ôìŒSŒÎ—Ë’¬,data2500/shimane/32404.lzh
“‡ªŒ§,”ôìŒS‘åĞ’¬,data2500/shimane/32405.lzh
“‡ªŒ§,“ô–€ŒS‰·ò’Ã’¬,data2500/shimane/32421.lzh
“‡ªŒ§,“ô–€ŒSm–€’¬,data2500/shimane/32422.lzh
“‡ªŒ§,—W’qŒSì–{’¬,data2500/shimane/32441.lzh
“‡ªŒ§,—W’qŒS÷]’¬,data2500/shimane/32447.lzh
“‡ªŒ§,“ß‰êŒSˆ®’¬,data2500/shimane/32463.lzh
“‡ªŒ§,“ß‰êŒSO‹÷’¬,data2500/shimane/32465.lzh
“‡ªŒ§,”ü”ZŒS•CŒ©’¬,data2500/shimane/32482.lzh
“‡ªŒ§,­‘«ŒS’Ã˜a–ì’¬,data2500/shimane/32501.lzh
“‡ªŒ§,‰BŠòŒS¼‹½’¬,data2500/shimane/32521.lzh
‰ªRŒ§,‰ªRs,data2500/okayama/33201.lzh
‰ªRŒ§,‘q•~s,data2500/okayama/33202.lzh
‰ªRŒ§,’ÃRs,data2500/okayama/33203.lzh
‰ªRŒ§,‹Ê–ìs,data2500/okayama/33204.lzh
‰ªRŒ§,Š}‰ªs,data2500/okayama/33205.lzh
‰ªRŒ§,ˆäŒ´s,data2500/okayama/33207.lzh
‰ªRŒ§,‘Ğs,data2500/okayama/33208.lzh
‰ªRŒ§,‚—Às,data2500/okayama/33209.lzh
‰ªRŒ§,VŒ©s,data2500/okayama/33210.lzh
‰ªRŒ§,”õ‘Os,data2500/okayama/33211.lzh
‰ªRŒ§,Œä’ÃŒS‰Á–Îì’¬,data2500/okayama/33305.lzh
‰ªRŒ§,Ô”ÖŒS£ŒË’¬,data2500/okayama/33321.lzh
‰ªRŒ§,Ô”ÖŒSR—z’¬,data2500/okayama/33322.lzh
‰ªRŒ§,Ô”ÖŒSŒFR’¬,data2500/okayama/33324.lzh
‰ªRŒ§,˜a‹CŒS“ú¶’¬,data2500/okayama/33342.lzh
‰ªRŒ§,˜a‹CŒS˜a‹C’¬,data2500/okayama/33346.lzh
‰ªRŒ§,™“‡ŒS“åè’¬,data2500/okayama/33401.lzh
‰ªRŒ§,“sŒEŒS‘“‡’¬,data2500/okayama/33423.lzh
‰ªRŒ§,“sŒEŒSRè‘º,data2500/okayama/33427.lzh
‰ªRŒ§,“sŒEŒS´‰¹‘º,data2500/okayama/33428.lzh
‰ªRŒ§,óŒûŒS‘D•ä’¬,data2500/okayama/33441.lzh
‰ªRŒ§,óŒûŒS‹àŒõ’¬,data2500/okayama/33442.lzh
‰ªRŒ§,óŒûŒSŠ›•û’¬,data2500/okayama/33443.lzh
‰ªRŒ§,óŒûŒS—¢¯’¬,data2500/okayama/33445.lzh
‰ªRŒ§,¬“cŒS–îŠ|’¬,data2500/okayama/33461.lzh
‰ªRŒ§,‹g”õŒS^”õ’¬,data2500/okayama/33503.lzh
‰ªRŒ§,ã–[ŒS‰ê—z’¬,data2500/okayama/33523.lzh
‰ªRŒ§,ìãŒS¬‰H’¬,data2500/okayama/33541.lzh
‰ªRŒ§,^’ëŒSŸR’¬,data2500/okayama/33581.lzh
‰ªRŒ§,^’ëŒS—‡’¬,data2500/okayama/33582.lzh
‰ªRŒ§,^’ëŒS“’Œ´’¬,data2500/okayama/33583.lzh
‰ªRŒ§,^’ëŒS‹v¢’¬,data2500/okayama/33584.lzh
‰ªRŒ§,“Ï“cŒS‹¾–ì’¬,data2500/okayama/33606.lzh
‰ªRŒ§,Ÿ“cŒSŸ‰›’¬,data2500/okayama/33622.lzh
‰ªRŒ§,Ÿ“cŒSŸ–k’¬,data2500/okayama/33624.lzh
‰ªRŒ§,‰p“cŒS”üì’¬,data2500/okayama/33644.lzh
‰ªRŒ§,‹v•ÄŒS‹v•Ä’¬,data2500/okayama/33664.lzh
L“‡Œ§,L“‡s’†‹æ,data2500/hirosima/34101.lzh
L“‡Œ§,L“‡s“Œ‹æ,data2500/hirosima/34102.lzh
L“‡Œ§,L“‡s“ì‹æ,data2500/hirosima/34103.lzh
L“‡Œ§,L“‡s¼‹æ,data2500/hirosima/34104.lzh
L“‡Œ§,L“‡sˆÀ²“ì‹æ,data2500/hirosima/34105.lzh
L“‡Œ§,L“‡sˆÀ²–k‹æ,data2500/hirosima/34106.lzh
L“‡Œ§,L“‡sˆÀŒ|‹æ,data2500/hirosima/34107.lzh
L“‡Œ§,L“‡s²”Œ‹æ,data2500/hirosima/34108.lzh
L“‡Œ§,Œàs,data2500/hirosima/34202.lzh
L“‡Œ§,’|Œ´s,data2500/hirosima/34203.lzh
L“‡Œ§,OŒ´s,data2500/hirosima/34204.lzh
L“‡Œ§,”ö“¹s,data2500/hirosima/34205.lzh
L“‡Œ§,ˆö“‡s,data2500/hirosima/34206.lzh
L“‡Œ§,•ŸRs,data2500/hirosima/34207.lzh
L“‡Œ§,•{’†s,data2500/hirosima/34208.lzh
L“‡Œ§,OŸs,data2500/hirosima/34209.lzh
L“‡Œ§,¯Œ´s,data2500/hirosima/34210.lzh
L“‡Œ§,‘å’|s,data2500/hirosima/34211.lzh
L“‡Œ§,“ŒL“‡s,data2500/hirosima/34212.lzh
L“‡Œ§,“ù“úss,data2500/hirosima/34213.lzh
L“‡Œ§,ˆÀŒ|ŒS•{’†’¬,data2500/hirosima/34302.lzh
L“‡Œ§,ˆÀŒ|ŒSŠC“c’¬,data2500/hirosima/34304.lzh
L“‡Œ§,ˆÀŒ|ŒSŒF–ì’¬,data2500/hirosima/34307.lzh
L“‡Œ§,ˆÀŒ|ŒSâ’¬,data2500/hirosima/34309.lzh
L“‡Œ§,ˆÀŒ|ŒS]“c“‡’¬,data2500/hirosima/34310.lzh
L“‡Œ§,ˆÀŒ|ŒS‰¹ŒË’¬,data2500/hirosima/34311.lzh
L“‡Œ§,²”ŒŒS‘å–ì’¬,data2500/hirosima/34323.lzh
L“‡Œ§,²”ŒŒS“’—ˆ’¬,data2500/hirosima/34324.lzh
L“‡Œ§,²”ŒŒS²”Œ’¬iŒ»İ‚Í“ù“ússj,data2500/hirosima/34325.lzh
L“‡Œ§,²”ŒŒS‹{“‡’¬,data2500/hirosima/34327.lzh
L“‡Œ§,²”ŒŒS‘åŠ`’¬,data2500/hirosima/34330.lzh
L“‡Œ§,RŒ§ŒSç‘ã“c’¬,data2500/hirosima/34366.lzh
L“‡Œ§,‚“cŒS‹g“c’¬iŒ»İ‚ÍˆÀŒ|‚“csj,data2500/hirosima/34381.lzh
L“‡Œ§,‚“cŒS”ªç‘ã’¬iŒ»İ‚ÍˆÀŒ|‚“csj,data2500/hirosima/34382.lzh
L“‡Œ§,‰ê–ÎŒS•£’¬,data2500/hirosima/34402.lzh
L“‡Œ§,‰ê–ÎŒS‰Í“à’¬,data2500/hirosima/34408.lzh
L“‡Œ§,–L“cŒS–{‹½’¬,data2500/hirosima/34421.lzh
L“‡Œ§,–L“cŒSˆÀŒ|’Ã’¬,data2500/hirosima/34422.lzh
L“‡Œ§,–L“cŒSˆÀ‰Y’¬,data2500/hirosima/34423.lzh
L“‡Œ§,–L“cŒSìK’¬iŒ»İ‚ÍŒàsj,data2500/hirosima/34424.lzh
L“‡Œ§,–L“cŒS£ŒË“c’¬,data2500/hirosima/34430.lzh
L“‡Œ§,Œä’²ŒSŒä’²’¬,data2500/hirosima/34441.lzh
L“‡Œ§,Œä’²ŒSŒü“‡’¬,data2500/hirosima/34444.lzh
L“‡Œ§,¢—…ŒSbR’¬,data2500/hirosima/34461.lzh
L“‡Œ§,¢—…ŒS¢—…’¬,data2500/hirosima/34462.lzh
L“‡Œ§,ÀŒGŒSÀŒG’¬,data2500/hirosima/34482.lzh
L“‡Œ§,[ˆÀŒS_•Ó’¬,data2500/hirosima/34501.lzh
L“‡Œ§,ˆ°•iŒSVs’¬iŒ»İ‚Í•ŸRsj,data2500/hirosima/34524.lzh
L“‡Œ§,b“zŒSã‰º’¬iŒ»İ‚Í•{’†sj,data2500/hirosima/34561.lzh
L“‡Œ§,‘oOŒS‹gÉ’¬iŒ»İ‚ÍOŸsj,data2500/hirosima/34584.lzh
L“‡Œ§,‘oOŒSO—Çâ’¬iŒ»İ‚ÍOŸsj,data2500/hirosima/34585.lzh
L“‡Œ§,”ä”kŒS¼é’¬,data2500/hirosima/34601.lzh
L“‡Œ§,”ä”kŒS“Œé’¬,data2500/hirosima/34602.lzh
RŒûŒ§,‰ºŠÖs,data2500/yamaguci/35201.lzh
RŒûŒ§,‰F•”s,data2500/yamaguci/35202.lzh
RŒûŒ§,RŒûs,data2500/yamaguci/35203.lzh
RŒûŒ§,”‹s,data2500/yamaguci/35204.lzh
RŒûŒ§,“¿RsiŒ»İ‚Íü“ìsj,data2500/yamaguci/35205.lzh
RŒûŒ§,–h•{s,data2500/yamaguci/35206.lzh
RŒûŒ§,‰º¼s,data2500/yamaguci/35207.lzh
RŒûŒ§,Šâ‘s,data2500/yamaguci/35208.lzh
RŒûŒ§,¬–ì“cs,data2500/yamaguci/35209.lzh
RŒûŒ§,Œõs,data2500/yamaguci/35210.lzh
RŒûŒ§,’·–ås,data2500/yamaguci/35211.lzh
RŒûŒ§,–öˆäs,data2500/yamaguci/35212.lzh
RŒûŒ§,”ü”Is,data2500/yamaguci/35213.lzh
RŒûŒ§,V“ì—zsiŒ»İ‚Íü“ìsj,data2500/yamaguci/35214.lzh
RŒûŒ§,‘å“‡ŒS‘å“‡’¬,data2500/yamaguci/35302.lzh
RŒûŒ§,‘å“‡ŒS“Œ˜a’¬,data2500/yamaguci/35303.lzh
RŒûŒ§,‹è‰ÏŒS˜a–Ø’¬,data2500/yamaguci/35321.lzh
RŒûŒ§,‹è‰ÏŒS—R‰F’¬,data2500/yamaguci/35322.lzh
RŒûŒ§,‹è‰ÏŒS‹è‰Ï’¬,data2500/yamaguci/35323.lzh
RŒûŒ§,‹è‰ÏŒSü“Œ’¬,data2500/yamaguci/35325.lzh
RŒûŒ§,ŒF–ÑŒS‘å˜a’¬,data2500/yamaguci/35342.lzh
RŒûŒ§,ŒF–ÑŒS“c•z{’¬,data2500/yamaguci/35343.lzh
RŒûŒ§,ŒF–ÑŒS•½¶’¬,data2500/yamaguci/35344.lzh
RŒûŒ§,ŒF–ÑŒSŒF–Ñ’¬iŒ»İ‚Íü“ìsj,data2500/yamaguci/35345.lzh
RŒûŒ§,‹g•~ŒSH•ä’¬,data2500/yamaguci/35401.lzh
RŒûŒ§,‹g•~ŒS¬ŒS’¬,data2500/yamaguci/35402.lzh
RŒûŒ§,‹g•~ŒSˆ¢’m{’¬,data2500/yamaguci/35403.lzh
RŒûŒ§,Œú‹·ŒS“í’¬,data2500/yamaguci/35421.lzh
RŒûŒ§,Œú‹·ŒSR—z’¬,data2500/yamaguci/35422.lzh
RŒûŒ§,–L‰YŒS–L‰Y’¬,data2500/yamaguci/35443.lzh
RŒûŒ§,”ü”HŒSH–F’¬,data2500/yamaguci/35462.lzh
RŒûŒ§,‘å’ÃŒSO‹÷’¬,data2500/yamaguci/35481.lzh
“¿“‡Œ§,“¿“‡s,data2500/tokusima/36201.lzh
“¿“‡Œ§,–Â–ås,data2500/tokusima/36202.lzh
“¿“‡Œ§,¬¼“‡s,data2500/tokusima/36203.lzh
“¿“‡Œ§,ˆ¢“ìs,data2500/tokusima/36204.lzh
“¿“‡Œ§,–¼¼ŒSÎˆä’¬,data2500/tokusima/36341.lzh
“¿“‡Œ§,“ß‰êŒS“ß‰êì’¬,data2500/tokusima/36361.lzh
“¿“‡Œ§,“ß‰êŒS‰Hƒm‰Y’¬,data2500/tokusima/36362.lzh
“¿“‡Œ§,ŠC•”ŒS“ú˜a²’¬,data2500/tokusima/36382.lzh
“¿“‡Œ§,ŠC•”ŒS–´Šò’¬,data2500/tokusima/36383.lzh
“¿“‡Œ§,”Â–ìŒS¼–Î’¬,data2500/tokusima/36401.lzh
“¿“‡Œ§,”Â–ìŒS–k“‡’¬,data2500/tokusima/36402.lzh
“¿“‡Œ§,”Â–ìŒS—•Z’¬,data2500/tokusima/36403.lzh
“¿“‡Œ§,–ƒAŒSŠ›“‡’¬,data2500/tokusima/36441.lzh
“¿“‡Œ§,”ü”nŒS˜e’¬,data2500/tokusima/36461.lzh
“¿“‡Œ§,”ü”nŒS’åŒõ’¬,data2500/tokusima/36464.lzh
“¿“‡Œ§,ODŒS’r“c’¬,data2500/tokusima/36483.lzh
ìŒ§,‚¼s,data2500/kagawa/37201.lzh
ìŒ§,ŠÛ‹Ts,data2500/kagawa/37202.lzh
ìŒ§,âos,data2500/kagawa/37203.lzh
ìŒ§,‘P’Ê›s,data2500/kagawa/37204.lzh
ìŒ§,ŠÏ‰¹›s,data2500/kagawa/37205.lzh
ìŒ§,‚³‚Ê‚«s,data2500/kagawa/37206.lzh
ìŒ§,‘åìŒSˆø“c’¬iŒ»İ‚Í“Œ‚©‚ª‚ísj,data2500/kagawa/37301.lzh
ìŒ§,‘åìŒS”’’¹’¬iŒ»İ‚Í“Œ‚©‚ª‚ísj,data2500/kagawa/37302.lzh
ìŒ§,‘åìŒS‘å“à’¬iŒ»İ‚Í“Œ‚©‚ª‚ísj,data2500/kagawa/37303.lzh
ìŒ§,¬“¤ŒS“àŠC’¬,data2500/kagawa/37321.lzh
ìŒ§,¬“¤ŒS“y¯’¬,data2500/kagawa/37322.lzh
ìŒ§,–Ø“cŒSO–Ø’¬,data2500/kagawa/37341.lzh
ìŒ§,–Ø“cŒS–´—ç’¬,data2500/kagawa/37342.lzh
ìŒ§,ìŒSì’¬,data2500/kagawa/37362.lzh
ìŒ§,ˆ»‰ÌŒSˆ»“ì’¬,data2500/kagawa/37382.lzh
ìŒ§,ˆ»‰ÌŒS‘•ª›’¬,data2500/kagawa/37383.lzh
ìŒ§,ˆ»‰ÌŒSˆ»‰Ì’¬,data2500/kagawa/37384.lzh
ìŒ§,ˆ»‰ÌŒS”ÑR’¬,data2500/kagawa/37385.lzh
ìŒ§,ˆ»‰ÌŒS‰F‘½’Ã’¬,data2500/kagawa/37386.lzh
ìŒ§,’‡‘½“xŒS–”Z’¬,data2500/kagawa/37402.lzh
ìŒ§,’‡‘½“xŒS‹Õ•½’¬,data2500/kagawa/37403.lzh
ìŒ§,’‡‘½“xŒS‘½“x’Ã’¬,data2500/kagawa/37404.lzh
ìŒ§,O–LŒS–L’†’¬,data2500/kagawa/37425.lzh
ìŒ§,O–LŒS˜lŠÔ’¬,data2500/kagawa/37426.lzh
ìŒ§,O–LŒSm”ö’¬,data2500/kagawa/37427.lzh
ìŒ§,O–LŒS–L•l’¬,data2500/kagawa/37428.lzh
ˆ¤•QŒ§,¼Rs,data2500/ehime/38201.lzh
ˆ¤•QŒ§,¡¡s,data2500/ehime/38202.lzh
ˆ¤•QŒ§,‰F˜a“‡s,data2500/ehime/38203.lzh
ˆ¤•QŒ§,”ª”¦•ls,data2500/ehime/38204.lzh
ˆ¤•QŒ§,V‹•ls,data2500/ehime/38205.lzh
ˆ¤•QŒ§,¼ğs,data2500/ehime/38206.lzh
ˆ¤•QŒ§,‘åFs,data2500/ehime/38207.lzh
ˆ¤•QŒ§,ì”V]siŒ»İ‚Íl‘’†‰›sj,data2500/ehime/38208.lzh
ˆ¤•QŒ§,ˆÉ—\O“‡siŒ»İ‚Íl‘’†‰›sj,data2500/ehime/38209.lzh
ˆ¤•QŒ§,ˆÉ—\s,data2500/ehime/38210.lzh
ˆ¤•QŒ§,–kğs,data2500/ehime/38211.lzh
ˆ¤•QŒ§,“Œ—\s,data2500/ehime/38212.lzh
ˆ¤•QŒ§,‰F–€ŒS“y‹’¬iŒ»İ‚Íl‘’†‰›sj,data2500/ehime/38302.lzh
ˆ¤•QŒ§,üŒKŒS¬¼’¬,data2500/ehime/38321.lzh
ˆ¤•QŒ§,üŒKŒS’OŒ´’¬,data2500/ehime/38323.lzh
ˆ¤•QŒ§,‰z’qŒS’©‘q‘º,data2500/ehime/38341.lzh
ˆ¤•QŒ§,‰z’qŒS‹Êì’¬,data2500/ehime/38342.lzh
ˆ¤•QŒ§,‰z’qŒS”g•û’¬,data2500/ehime/38343.lzh
ˆ¤•QŒ§,‰z’qŒS‘å¼’¬,data2500/ehime/38344.lzh
ˆ¤•QŒ§,‰z’qŒS‹eŠÔ’¬,data2500/ehime/38345.lzh
ˆ¤•QŒ§,‰·òŒSdM’¬,data2500/ehime/38361.lzh
ˆ¤•QŒ§,‰·òŒSì“à’¬,data2500/ehime/38362.lzh
ˆ¤•QŒ§,ã•‚ŒŠŒS‹v–œ’¬,data2500/ehime/38381.lzh
ˆ¤•QŒ§,ˆÉ—\ŒS¼‘O’¬,data2500/ehime/38401.lzh
ˆ¤•QŒ§,ˆÉ—\ŒS“u•”’¬,data2500/ehime/38402.lzh
ˆ¤•QŒ§,Šì‘½ŒS’·•l’¬,data2500/ehime/38421.lzh
ˆ¤•QŒ§,Šì‘½ŒS“àq’¬,data2500/ehime/38422.lzh
ˆ¤•QŒ§,Šì‘½ŒSŒÜ\è’¬,data2500/ehime/38423.lzh
ˆ¤•QŒ§,¼‰F˜aŒS•Û“à’¬,data2500/ehime/38441.lzh
ˆ¤•QŒ§,¼‰F˜aŒSO•r’¬iŒ»İ‚Í¼—\sj,data2500/ehime/38445.lzh
ˆ¤•QŒ§,“Œ‰F˜aŒS‰F˜a’¬iŒ»İ‚Í¼—\sj,data2500/ehime/38462.lzh
ˆ¤•QŒ§,“Œ‰F˜aŒS–ì‘º’¬iŒ»İ‚Í¼—\sj,data2500/ehime/38463.lzh
ˆ¤•QŒ§,–k‰F˜aŒS‹g“c’¬,data2500/ehime/38481.lzh
ˆ¤•QŒ§,–k‰F˜aŒSLŒ©’¬,data2500/ehime/38483.lzh
ˆ¤•QŒ§,–k‰F˜aŒS’Ã“‡’¬,data2500/ehime/38486.lzh
ˆ¤•QŒ§,“ì‰F˜aŒS“àŠC‘º,data2500/ehime/38501.lzh
ˆ¤•QŒ§,“ì‰F˜aŒSŒä‘‘’¬,data2500/ehime/38502.lzh
ˆ¤•QŒ§,“ì‰F˜aŒSé•Ó’¬,data2500/ehime/38503.lzh
ˆ¤•QŒ§,“ì‰F˜aŒS¼ŠC’¬,data2500/ehime/38505.lzh
‚’mŒ§,‚’ms,data2500/kochi/39201.lzh
‚’mŒ§,ºŒËs,data2500/kochi/39202.lzh
‚’mŒ§,ˆÀŒ|s,data2500/kochi/39203.lzh
‚’mŒ§,“ì‘s,data2500/kochi/39204.lzh
‚’mŒ§,“y²s,data2500/kochi/39205.lzh
‚’mŒ§,{ès,data2500/kochi/39206.lzh
‚’mŒ§,’†‘ºs,data2500/kochi/39207.lzh
‚’mŒ§,h–Ñs,data2500/kochi/39208.lzh
‚’mŒ§,“y²´…s,data2500/kochi/39209.lzh
‚’mŒ§,ˆÀŒ|ŒS“Œ—m’¬,data2500/kochi/39301.lzh
‚’mŒ§,”üŒS‰ä”ü’¬,data2500/kochi/39322.lzh
‚’mŒ§,”üŒS“y²R“c’¬,data2500/kochi/39323.lzh
‚’mŒ§,”üŒS–ìs’¬,data2500/kochi/39324.lzh
‚’mŒ§,”üŒS–é{’¬,data2500/kochi/39325.lzh
‚’mŒ§,’·‰ªŒS–{R’¬,data2500/kochi/39341.lzh
‚’mŒ§,“y²ŒS“y²’¬,data2500/kochi/39363.lzh
‚’mŒ§,ŒáìŒSˆÉ–ì’¬,data2500/kochi/39381.lzh
‚’mŒ§,ŒáìŒSt–ì’¬,data2500/kochi/39383.lzh
‚’mŒ§,‚‰ªŒS’†“y²’¬,data2500/kochi/39401.lzh
‚’mŒ§,‚‰ªŒS²ì’¬,data2500/kochi/39402.lzh
‚’mŒ§,‚‰ªŒS‰z’m’¬,data2500/kochi/39403.lzh
‚’mŒ§,‚‰ªŒSŒEì’¬,data2500/kochi/39404.lzh
‚’mŒ§,”¦‘½ŒS²‰ê’¬,data2500/kochi/39421.lzh
‚’mŒ§,”¦‘½ŒS‘å•û’¬,data2500/kochi/39423.lzh
•Ÿ‰ªŒ§,–k‹ãBs–åi‹æ,data2500/fukuoka/40101.lzh
•Ÿ‰ªŒ§,–k‹ãBsá¼‹æ,data2500/fukuoka/40103.lzh
•Ÿ‰ªŒ§,–k‹ãBsŒË”¨‹æ,data2500/fukuoka/40105.lzh
•Ÿ‰ªŒ§,–k‹ãBs¬‘q–k‹æ,data2500/fukuoka/40106.lzh
•Ÿ‰ªŒ§,–k‹ãBs¬‘q“ì‹æ,data2500/fukuoka/40107.lzh
•Ÿ‰ªŒ§,–k‹ãBs”ª”¦“Œ‹æ,data2500/fukuoka/40108.lzh
•Ÿ‰ªŒ§,–k‹ãBs”ª”¦¼‹æ,data2500/fukuoka/40109.lzh
•Ÿ‰ªŒ§,•Ÿ‰ªs“Œ‹æ,data2500/fukuoka/40131.lzh
•Ÿ‰ªŒ§,•Ÿ‰ªs”‘½‹æ,data2500/fukuoka/40132.lzh
•Ÿ‰ªŒ§,•Ÿ‰ªs’†‰›‹æ,data2500/fukuoka/40133.lzh
•Ÿ‰ªŒ§,•Ÿ‰ªs“ì‹æ,data2500/fukuoka/40134.lzh
•Ÿ‰ªŒ§,•Ÿ‰ªs¼‹æ,data2500/fukuoka/40135.lzh
•Ÿ‰ªŒ§,•Ÿ‰ªsé“ì‹æ,data2500/fukuoka/40136.lzh
•Ÿ‰ªŒ§,•Ÿ‰ªs‘—Ç‹æ,data2500/fukuoka/40137.lzh
•Ÿ‰ªŒ§,‘å–´“cs,data2500/fukuoka/40202.lzh
•Ÿ‰ªŒ§,‹v—¯•Äs,data2500/fukuoka/40203.lzh
•Ÿ‰ªŒ§,’¼•ûs,data2500/fukuoka/40204.lzh
•Ÿ‰ªŒ§,”Ñ’Ës,data2500/fukuoka/40205.lzh
•Ÿ‰ªŒ§,“cìs,data2500/fukuoka/40206.lzh
•Ÿ‰ªŒ§,–öìs,data2500/fukuoka/40207.lzh
•Ÿ‰ªŒ§,R“cs,data2500/fukuoka/40208.lzh
•Ÿ‰ªŒ§,ŠÃ–Øs,data2500/fukuoka/40209.lzh
•Ÿ‰ªŒ§,”ª—s,data2500/fukuoka/40210.lzh
•Ÿ‰ªŒ§,’}Œãs,data2500/fukuoka/40211.lzh
•Ÿ‰ªŒ§,‘åìs,data2500/fukuoka/40212.lzh
•Ÿ‰ªŒ§,s‹´s,data2500/fukuoka/40213.lzh
•Ÿ‰ªŒ§,–L‘Os,data2500/fukuoka/40214.lzh
•Ÿ‰ªŒ§,’†ŠÔs,data2500/fukuoka/40215.lzh
•Ÿ‰ªŒ§,¬ŒSs,data2500/fukuoka/40216.lzh
•Ÿ‰ªŒ§,’}‡–ìs,data2500/fukuoka/40217.lzh
•Ÿ‰ªŒ§,t“ús,data2500/fukuoka/40218.lzh
•Ÿ‰ªŒ§,‘å–ìés,data2500/fukuoka/40219.lzh
•Ÿ‰ªŒ§,@‘œs,data2500/fukuoka/40220.lzh
•Ÿ‰ªŒ§,‘¾É•{s,data2500/fukuoka/40221.lzh
•Ÿ‰ªŒ§,‘OŒ´s,data2500/fukuoka/40222.lzh
•Ÿ‰ªŒ§,ŒÃ‰ês,data2500/fukuoka/40223.lzh
•Ÿ‰ªŒ§,’}‡ŒS“ß‰Ïì’¬,data2500/fukuoka/40305.lzh
•Ÿ‰ªŒ§,””‰®ŒS‰F”ü’¬,data2500/fukuoka/40341.lzh
•Ÿ‰ªŒ§,””‰®ŒSÂŒI’¬,data2500/fukuoka/40342.lzh
•Ÿ‰ªŒ§,””‰®ŒSu–Æ’¬,data2500/fukuoka/40343.lzh
•Ÿ‰ªŒ§,””‰®ŒS{Œb’¬,data2500/fukuoka/40344.lzh
•Ÿ‰ªŒ§,””‰®ŒSV‹{’¬,data2500/fukuoka/40345.lzh
•Ÿ‰ªŒ§,””‰®ŒS‹vR’¬,data2500/fukuoka/40348.lzh
•Ÿ‰ªŒ§,””‰®ŒS””‰®’¬,data2500/fukuoka/40349.lzh
•Ÿ‰ªŒ§,@‘œŒS•ŸŠÔ’¬,data2500/fukuoka/40362.lzh
•Ÿ‰ªŒ§,@‘œŒS’Ã‰®è’¬,data2500/fukuoka/40363.lzh
•Ÿ‰ªŒ§,@‘œŒSŒºŠC’¬iŒ»İ‚Í@‘œsj,data2500/fukuoka/40364.lzh
•Ÿ‰ªŒ§,‰“‰êŒSˆ°‰®’¬,data2500/fukuoka/40381.lzh
•Ÿ‰ªŒ§,‰“‰êŒS…Šª’¬,data2500/fukuoka/40382.lzh
•Ÿ‰ªŒ§,‰“‰êŒS‰ªŠ_’¬,data2500/fukuoka/40383.lzh
•Ÿ‰ªŒ§,‰“‰êŒS‰“‰ê’¬,data2500/fukuoka/40384.lzh
•Ÿ‰ªŒ§,ˆÆèŒS¬’|’¬,data2500/fukuoka/40401.lzh
•Ÿ‰ªŒ§,ˆÆèŒSˆÆè’¬,data2500/fukuoka/40402.lzh
•Ÿ‰ªŒ§,ˆÆèŒS‹{“c’¬,data2500/fukuoka/40403.lzh
•Ÿ‰ªŒ§,‰Ã•äŒSŒjì’¬,data2500/fukuoka/40421.lzh
•Ÿ‰ªŒ§,‰Ã•äŒSˆî’z’¬,data2500/fukuoka/40422.lzh
•Ÿ‰ªŒ§,‰Ã•äŒS•ä”g’¬,data2500/fukuoka/40426.lzh
•Ÿ‰ªŒ§,‰Ã•äŒS¯“à’¬,data2500/fukuoka/40427.lzh
•Ÿ‰ªŒ§,‰Ã•äŒS‰o“c’¬,data2500/fukuoka/40428.lzh
•Ÿ‰ªŒ§,’©‘qŒSO—Ö’¬,data2500/fukuoka/40443.lzh
•Ÿ‰ªŒ§,’©‘qŒS–é{’¬,data2500/fukuoka/40444.lzh
•Ÿ‰ªŒ§,…“‡ŒS“ñä’¬,data2500/fukuoka/40462.lzh
•Ÿ‰ªŒ§,…“‡ŒSu–€’¬,data2500/fukuoka/40463.lzh
•Ÿ‰ªŒ§,O’•ŒSOàk’¬,data2500/fukuoka/40523.lzh
•Ÿ‰ªŒ§,”ª—ŒS•–Ø’¬,data2500/fukuoka/40541.lzh
•Ÿ‰ªŒ§,”ª—ŒSLì’¬,data2500/fukuoka/40544.lzh
•Ÿ‰ªŒ§,R–åŒS£‚’¬,data2500/fukuoka/40561.lzh
•Ÿ‰ªŒ§,R–åŒS‘å˜a’¬,data2500/fukuoka/40562.lzh
•Ÿ‰ªŒ§,R–åŒSO‹´’¬,data2500/fukuoka/40563.lzh
•Ÿ‰ªŒ§,O’rŒS‚“c’¬,data2500/fukuoka/40581.lzh
•Ÿ‰ªŒ§,“cìŒS“Y“c’¬,data2500/fukuoka/40602.lzh
•Ÿ‰ªŒ§,“cìŒSìè’¬,data2500/fukuoka/40605.lzh
•Ÿ‰ªŒ§,‹“sŒSŠ¡“c’¬,data2500/fukuoka/40621.lzh
•Ÿ‰ªŒ§,’zãŒS’Å“c’¬,data2500/fukuoka/40641.lzh
•Ÿ‰ªŒ§,’zãŒS‹g•x’¬,data2500/fukuoka/40642.lzh
²‰êŒ§,²‰ês,data2500/saga/41201.lzh
²‰êŒ§,“‚’Ãs,data2500/saga/41202.lzh
²‰êŒ§,’¹²s,data2500/saga/41203.lzh
²‰êŒ§,‘½‹vs,data2500/saga/41204.lzh
²‰êŒ§,ˆÉ–œ—¢s,data2500/saga/41205.lzh
²‰êŒ§,•—Ys,data2500/saga/41206.lzh
²‰êŒ§,­“‡s,data2500/saga/41207.lzh
²‰êŒ§,²‰êŒS”•x’¬,data2500/saga/41301.lzh
²‰êŒ§,²‰êŒSì•›’¬,data2500/saga/41302.lzh
²‰êŒ§,²‰êŒS‘å˜a’¬,data2500/saga/41305.lzh
²‰êŒ§,_éŒS_é’¬,data2500/saga/41321.lzh
²‰êŒ§,_éŒSO“cì’¬,data2500/saga/41323.lzh
²‰êŒ§,_éŒS“Œ”wU‘º,data2500/saga/41324.lzh
²‰êŒ§,O—{ŠîŒSŠîR’¬,data2500/saga/41341.lzh
²‰êŒ§,O—{ŠîŒS–k–ÎˆÀ’¬,data2500/saga/41343.lzh
²‰êŒ§,O—{ŠîŒSã•ô’¬,data2500/saga/41345.lzh
²‰êŒ§,¬éŒS¬é’¬,data2500/saga/41361.lzh
²‰êŒ§,¬éŒS‹’Ã’¬,data2500/saga/41363.lzh
²‰êŒ§,“Œ¼‰YŒS•l‹Ê’¬,data2500/saga/41381.lzh
²‰êŒ§,“Œ¼‰YŒS‘Š’m’¬,data2500/saga/41384.lzh
²‰êŒ§,“Œ¼‰YŒSŒÄq’¬,data2500/saga/41389.lzh
²‰êŒ§,¼¼‰YŒS—L“c’¬,data2500/saga/41401.lzh
²‰êŒ§,¼¼‰YŒS¼—L“c’¬,data2500/saga/41402.lzh
²‰êŒ§,‹n“‡ŒS”’Î’¬,data2500/saga/41425.lzh
²‰êŒ§,“¡’ÃŒSŠğ–ì’¬,data2500/saga/41443.lzh
’·èŒ§,’·ès,data2500/nagasaki/42201.lzh
’·èŒ§,²¢•Ûs,data2500/nagasaki/42202.lzh
’·èŒ§,“‡Œ´s,data2500/nagasaki/42203.lzh
’·èŒ§,æ|‘s,data2500/nagasaki/42204.lzh
’·èŒ§,‘å‘ºs,data2500/nagasaki/42205.lzh
’·èŒ§,•Ÿ]s,data2500/nagasaki/42206.lzh
’·èŒ§,•½ŒËs,data2500/nagasaki/42207.lzh
’·èŒ§,¼‰Ys,data2500/nagasaki/42208.lzh
’·èŒ§,¼”Ş‹nŒSÄ’¬,data2500/nagasaki/42301.lzh
’·èŒ§,¼”Ş‹nŒSˆÉ‰¤“‡’¬,data2500/nagasaki/42302.lzh
’·èŒ§,¼”Ş‹nŒS‚“‡’¬,data2500/nagasaki/42303.lzh
’·èŒ§,¼”Ş‹nŒSO˜a’¬,data2500/nagasaki/42305.lzh
’·èŒ§,¼”Ş‹nŒS‘½—ÇŒ©’¬,data2500/nagasaki/42306.lzh
’·èŒ§,¼”Ş‹nŒS’·—^’¬,data2500/nagasaki/42307.lzh
’·èŒ§,¼”Ş‹nŒS’Ã’¬,data2500/nagasaki/42308.lzh
’·èŒ§,¼”Ş‹nŒS‹ÕŠC’¬,data2500/nagasaki/42309.lzh
’·èŒ§,¼”Ş‹nŒS‘å“‡’¬,data2500/nagasaki/42312.lzh
’·èŒ§,“Œ”Ş‹nŒS“Œ”Ş‹n’¬,data2500/nagasaki/42321.lzh
’·èŒ§,“Œ”Ş‹nŒSì’I’¬,data2500/nagasaki/42322.lzh
’·èŒ§,“Œ”Ş‹nŒS”g²Œ©’¬,data2500/nagasaki/42323.lzh
’·èŒ§,“ì‚—ˆŒS‘Œ©’¬,data2500/nagasaki/42362.lzh
’·èŒ§,“ì‚—ˆŒSçXÎ’¬,data2500/nagasaki/42366.lzh
’·èŒ§,“ì‚—ˆŒS¬•l’¬,data2500/nagasaki/42367.lzh
’·èŒ§,“ì‚—ˆŒS‰Á’Ã²’¬,data2500/nagasaki/42369.lzh
’·èŒ§,“ì‚—ˆŒSŒû”V’Ã’¬,data2500/nagasaki/42370.lzh
’·èŒ§,“ì‚—ˆŒS¼—L‰Æ’¬,data2500/nagasaki/42373.lzh
’·èŒ§,“ì‚—ˆŒS—L‰Æ’¬,data2500/nagasaki/42374.lzh
’·èŒ§,–k¼‰YŒS‰F‹v’¬,data2500/nagasaki/42384.lzh
’·èŒ§,–k¼‰YŒS“c•½’¬,data2500/nagasaki/42385.lzh
’·èŒ§,–k¼‰YŒS]Œ}’¬,data2500/nagasaki/42388.lzh
’·èŒ§,–k¼‰YŒS­’¬’¬,data2500/nagasaki/42389.lzh
’·èŒ§,–k¼‰YŒS²X’¬,data2500/nagasaki/42391.lzh
’·èŒ§,“ì¼‰YŒSãŒÜ“‡’¬,data2500/nagasaki/42407.lzh
’·èŒ§,“ì¼‰YŒS—Lì’¬,data2500/nagasaki/42409.lzh
’·èŒ§,ˆëŠòŒS‹½ƒm‰Y’¬iŒ»İ‚ÍˆëŠòsj,data2500/nagasaki/42421.lzh
’·èŒ§,‰ºŒ§ŒSŒµŒ´’¬iŒ»İ‚Í‘Î”nsj,data2500/nagasaki/42441.lzh
ŒF–{Œ§,ŒF–{s,data2500/kumamoto/43201.lzh
ŒF–{Œ§,”ª‘ãs,data2500/kumamoto/43202.lzh
ŒF–{Œ§,l‹gs,data2500/kumamoto/43203.lzh
ŒF–{Œ§,r”ös,data2500/kumamoto/43204.lzh
ŒF–{Œ§,…–“s,data2500/kumamoto/43205.lzh
ŒF–{Œ§,‹Ê–¼s,data2500/kumamoto/43206.lzh
ŒF–{Œ§,–{“ns,data2500/kumamoto/43207.lzh
ŒF–{Œ§,R­s,data2500/kumamoto/43208.lzh
ŒF–{Œ§,‹[s,data2500/kumamoto/43209.lzh
ŒF–{Œ§,‹e’rs,data2500/kumamoto/43210.lzh
ŒF–{Œ§,‰F“ys,data2500/kumamoto/43211.lzh
ŒF–{Œ§,‰F“yŒS•s’m‰Î’¬,data2500/kumamoto/43322.lzh
ŒF–{Œ§,‰º‰véŒSé“ì’¬,data2500/kumamoto/43341.lzh
ŒF–{Œ§,‰º‰véŒS•x‡’¬,data2500/kumamoto/43342.lzh
ŒF–{Œ§,‰º‰véŒS¼‹´’¬,data2500/kumamoto/43343.lzh
ŒF–{Œ§,‰º‰véŒS¬ì’¬,data2500/kumamoto/43344.lzh
ŒF–{Œ§,‹Ê–¼ŒS‘Ğ–¾’¬,data2500/kumamoto/43361.lzh
ŒF–{Œ§,‹Ê–¼ŒS’·F’¬,data2500/kumamoto/43368.lzh
ŒF–{Œ§,­–{ŒSA–Ø’¬,data2500/kumamoto/43385.lzh
ŒF–{Œ§,‹e’rŒS‘å’Ã’¬,data2500/kumamoto/43403.lzh
ŒF–{Œ§,‹e’rŒS‹e—z’¬,data2500/kumamoto/43404.lzh
ŒF–{Œ§,‹e’rŒS‡u’¬,data2500/kumamoto/43405.lzh
ŒF–{Œ§,‹e’rŒSŸ™…’¬,data2500/kumamoto/43406.lzh
ŒF–{Œ§,‹e’rŒS¼‡u’¬,data2500/kumamoto/43407.lzh
ŒF–{Œ§,ã‰véŒSŒä‘D’¬,data2500/kumamoto/43441.lzh
ŒF–{Œ§,ã‰véŒS‰Ã“‡’¬,data2500/kumamoto/43442.lzh
ŒF–{Œ§,ã‰véŒS‰vé’¬,data2500/kumamoto/43443.lzh
ŒF–{Œ§,”ª‘ãŒS‹¾’¬,data2500/kumamoto/43463.lzh
ŒF–{Œ§,ˆ°–kŒSˆ°–k’¬,data2500/kumamoto/43482.lzh
‘å•ªŒ§,‘å•ªs,data2500/oita/44201.lzh
‘å•ªŒ§,•Ê•{s,data2500/oita/44202.lzh
‘å•ªŒ§,’†’Ãs,data2500/oita/44203.lzh
‘å•ªŒ§,“ú“cs,data2500/oita/44204.lzh
‘å•ªŒ§,²”Œs,data2500/oita/44205.lzh
‘å•ªŒ§,‰P‹ns,data2500/oita/44206.lzh
‘å•ªŒ§,’Ã‹vŒ©s,data2500/oita/44207.lzh
‘å•ªŒ§,’|“cs,data2500/oita/44208.lzh
‘å•ªŒ§,–LŒã‚“cs,data2500/oita/44209.lzh
‘å•ªŒ§,‹n’zs,data2500/oita/44210.lzh
‘å•ªŒ§,‰F²s,data2500/oita/44211.lzh
‘å•ªŒ§,“Œ‘“ŒŒS‘“Œ’¬,data2500/oita/44323.lzh
‘å•ªŒ§,‘¬Œ©ŒS“úo’¬,data2500/oita/44341.lzh
‘å•ªŒ§,‘å•ªŒSpŠÔ’¬,data2500/oita/44362.lzh
‘å•ªŒ§,‘å•ªŒS“’•z‰@’¬,data2500/oita/44364.lzh
‘å•ªŒ§,–kŠC•”ŒS²‰êŠÖ’¬,data2500/oita/44381.lzh
‘å•ªŒ§,‘å–ìŒSOd’¬,data2500/oita/44422.lzh
‘å•ªŒ§,‹èìŒS‹èì’¬,data2500/oita/44462.lzh
‹{èŒ§,‹{ès,data2500/miyazaki/45201.lzh
‹{èŒ§,“sés,data2500/miyazaki/45202.lzh
‹{èŒ§,‰„‰ªs,data2500/miyazaki/45203.lzh
‹{èŒ§,“ú“ìs,data2500/miyazaki/45204.lzh
‹{èŒ§,¬—Ñs,data2500/miyazaki/45205.lzh
‹{èŒ§,“úŒüs,data2500/miyazaki/45206.lzh
‹{èŒ§,‹øŠÔs,data2500/miyazaki/45207.lzh
‹{èŒ§,¼“ss,data2500/miyazaki/45208.lzh
‹{èŒ§,‚¦‚Ñ‚Ìs,data2500/miyazaki/45209.lzh
‹{èŒ§,‹{èŒS´•’¬,data2500/miyazaki/45301.lzh
‹{èŒ§,‹{èŒS“c–ì’¬,data2500/miyazaki/45302.lzh
‹{èŒ§,‹{èŒS²“yŒ´’¬,data2500/miyazaki/45303.lzh
‹{èŒ§,“ì“ß‰ÏŒS“ì‹½’¬,data2500/miyazaki/45322.lzh
‹{èŒ§,–k”Œ§ŒSOŒÒ’¬,data2500/miyazaki/45341.lzh
‹{èŒ§,–k”Œ§ŒSR”VŒû’¬,data2500/miyazaki/45342.lzh
‹{èŒ§,–k”Œ§ŒS‚é’¬,data2500/miyazaki/45343.lzh
‹{èŒ§,–k”Œ§ŒSR“c’¬,data2500/miyazaki/45344.lzh
‹{èŒ§,–k”Œ§ŒS‚è’¬,data2500/miyazaki/45345.lzh
‹{èŒ§,¼”Œ§ŒS‚Œ´’¬,data2500/miyazaki/45361.lzh
‹{èŒ§,“Œ”Œ§ŒS‚‰ª’¬,data2500/miyazaki/45381.lzh
‹{èŒ§,“Œ”Œ§ŒS‘•x’¬,data2500/miyazaki/45382.lzh
‹{èŒ§,“Œ”Œ§ŒSˆ»’¬,data2500/miyazaki/45383.lzh
‹{èŒ§,™“’ŒS‚“ç’¬,data2500/miyazaki/45401.lzh
‹{èŒ§,™“’ŒSV•x’¬,data2500/miyazaki/45402.lzh
‹{èŒ§,™“’ŒSì“ì’¬,data2500/miyazaki/45405.lzh
‹{èŒ§,™“’ŒS“s”_’¬,data2500/miyazaki/45406.lzh
‹{èŒ§,“Œ‰P‹nŒS–åì’¬,data2500/miyazaki/45421.lzh
‹{èŒ§,¼‰P‹nŒS‚ç•ä’¬,data2500/miyazaki/45441.lzh
­™“‡Œ§,­™“‡s,data2500/kagosima/46201.lzh
­™“‡Œ§,ì“às,data2500/kagosima/46202.lzh
­™“‡Œ§,­‰®s,data2500/kagosima/46203.lzh
­™“‡Œ§,–ès,data2500/kagosima/46204.lzh
­™“‡Œ§,‹ø–Ø–ìs,data2500/kagosima/46205.lzh
­™“‡Œ§,ˆ¢‹vªs,data2500/kagosima/46206.lzh
­™“‡Œ§,o…s,data2500/kagosima/46208.lzh
­™“‡Œ§,‘åŒûs,data2500/kagosima/46209.lzh
­™“‡Œ§,whs,data2500/kagosima/46210.lzh
­™“‡Œ§,‰Á¢“cs,data2500/kagosima/46211.lzh
­™“‡Œ§,‘•ªs,data2500/kagosima/46212.lzh
­™“‡Œ§,¼”V•\s,data2500/kagosima/46213.lzh
­™“‡Œ§,‚…s,data2500/kagosima/46214.lzh
­™“‡Œ§,­™“‡ŒS‹g“c’¬,data2500/kagosima/46301.lzh
­™“‡Œ§,—KhŒSŠì“ü’¬,data2500/kagosima/46321.lzh
­™“‡Œ§,—KhŒSRì’¬,data2500/kagosima/46322.lzh
­™“‡Œ§,—KhŒS‰oˆ¡’¬,data2500/kagosima/46323.lzh
­™“‡Œ§,—KhŒSŠJ•·’¬,data2500/kagosima/46324.lzh
­™“‡Œ§,ì•ÓŒSì•Ó’¬,data2500/kagosima/46345.lzh
­™“‡Œ§,“ú’uŒSs—ˆ’¬,data2500/kagosima/46361.lzh
­™“‡Œ§,“ú’uŒS“Œs—ˆ’¬,data2500/kagosima/46362.lzh
­™“‡Œ§,“ú’uŒSˆÉW‰@’¬,data2500/kagosima/46363.lzh
­™“‡Œ§,“ú’uŒS¼Œ³’¬,data2500/kagosima/46364.lzh
­™“‡Œ§,“ú’uŒSŒSR’¬,data2500/kagosima/46365.lzh
­™“‡Œ§,“ú’uŒSã’¬,data2500/kagosima/46367.lzh
­™“‡Œ§,F–€ŒS”ó˜e’¬,data2500/kagosima/46381.lzh
­™“‡Œ§,F–€ŒS“ü—ˆ’¬,data2500/kagosima/46382.lzh
­™“‡Œ§,F–€ŒS‹{”Vé’¬,data2500/kagosima/46384.lzh
­™“‡Œ§,ˆ¦—ÇŒS‰Á¡–Ø’¬,data2500/kagosima/46441.lzh
­™“‡Œ§,ˆ¦—ÇŒSˆ¦—Ç’¬,data2500/kagosima/46442.lzh
­™“‡Œ§,ˆ¦—ÇŒSŠ—¶’¬,data2500/kagosima/46443.lzh
­™“‡Œ§,ˆ¦—ÇŒSa•Ó’¬,data2500/kagosima/46444.lzh
­™“‡Œ§,ˆ¦—ÇŒS‰¡ì’¬,data2500/kagosima/46445.lzh
­™“‡Œ§,ˆ¦—ÇŒSŒI–ì’¬,data2500/kagosima/46446.lzh
­™“‡Œ§,ˆ¦—ÇŒS‹g¼’¬,data2500/kagosima/46447.lzh
­™“‡Œ§,ˆ¦—ÇŒS–q‰€’¬,data2500/kagosima/46448.lzh
­™“‡Œ§,ˆ¦—ÇŒS”¹l’¬,data2500/kagosima/46450.lzh
­™“‡Œ§,ˆ¦—ÇŒS•ŸR’¬,data2500/kagosima/46451.lzh
­™“‡Œ§,‘]‰—ŒS‘å‹÷’¬,data2500/kagosima/46461.lzh
­™“‡Œ§,‘]‰—ŒS––‹g’¬,data2500/kagosima/46464.lzh
­™“‡Œ§,‘]‰—ŒS¼R’¬,data2500/kagosima/46465.lzh
­™“‡Œ§,‘]‰—ŒSu•zu’¬,data2500/kagosima/46466.lzh
­™“‡Œ§,‘]‰—ŒS—L–¾’¬,data2500/kagosima/46467.lzh
­™“‡Œ§,‘]‰—ŒS‘åè’¬,data2500/kagosima/46468.lzh
­™“‡Œ§,ŠÌ‘®ŒS‚R’¬,data2500/kagosima/46484.lzh
­™“‡Œ§,ŠÌ‘®ŒSŒá•½’¬,data2500/kagosima/46485.lzh
­™“‡Œ§,ŠÌ‘®ŒS‘åªè’¬,data2500/kagosima/46486.lzh
­™“‡Œ§,ŒF–ÑŒS’†íq’¬,data2500/kagosima/46501.lzh
­™“‡Œ§,ŒF–ÑŒSã‰®‹v’¬,data2500/kagosima/46503.lzh
­™“‡Œ§,ŒF–ÑŒS‰®‹v’¬,data2500/kagosima/46504.lzh
‰«“êŒ§,“ß”es,data2500/okinawa/47201.lzh
‰«“êŒ§,Îìs,data2500/okinawa/47202.lzh
‰«“êŒ§,‹ïuìs,data2500/okinawa/47203.lzh
‰«“êŒ§,‹X–ì˜ps,data2500/okinawa/47205.lzh
‰«“êŒ§,•½—Çs,data2500/okinawa/47206.lzh
‰«“êŒ§,ÎŠ_s,data2500/okinawa/47207.lzh
‰«“êŒ§,‰Y“Ys,data2500/okinawa/47208.lzh
‰«“êŒ§,–¼Œìs,data2500/okinawa/47209.lzh
‰«“êŒ§,…–s,data2500/okinawa/47210.lzh
‰«“êŒ§,‰«“ês,data2500/okinawa/47211.lzh
‰«“êŒ§,–LŒ©és,data2500/okinawa/47341.lzh
‰«“êŒ§,‘“ªŒS–{•”’¬,data2500/okinawa/47308.lzh
‰«“êŒ§,’†“ªŒS—^“ßé’¬,data2500/okinawa/47322.lzh
‰«“êŒ§,’†“ªŒSŸ˜A’¬,data2500/okinawa/47323.lzh
‰«“êŒ§,’†“ªŒS“Ç’J‘º,data2500/okinawa/47324.lzh
‰«“êŒ§,’†“ªŒS‰Ãè”[’¬,data2500/okinawa/47325.lzh
‰«“êŒ§,’†“ªŒS–k’J’¬,data2500/okinawa/47326.lzh
‰«“êŒ§,’†“ªŒS–k’†é‘º,data2500/okinawa/47327.lzh
‰«“êŒ§,’†“ªŒS’†é‘º,data2500/okinawa/47328.lzh
‰«“êŒ§,’†“ªŒS¼Œ´’¬,data2500/okinawa/47329.lzh
‰«“êŒ§,“‡KŒS“Œ•—•½’¬,data2500/okinawa/47343.lzh
‰«“êŒ§,“‡KŒS‹ïu“ª‘º,data2500/okinawa/47344.lzh
‰«“êŒ§,“‡KŒS‹Êé‘º,data2500/okinawa/47345.lzh
‰«“êŒ§,“‡KŒS’m”O‘º,data2500/okinawa/47346.lzh
‰«“êŒ§,“‡KŒS²•~’¬,data2500/okinawa/47347.lzh
‰«“êŒ§,“‡KŒS—^“ßŒ´’¬,data2500/okinawa/47348.lzh
‰«“êŒ§,“‡KŒS‘å—¢‘º,data2500/okinawa/47349.lzh
‰«“êŒ§,“‡KŒS“ì•—Œ´’¬,data2500/okinawa/47350.lzh
‰«“êŒ§,‹{ŒÃŒSé•Ó’¬,data2500/okinawa/47371.lzh
‰«“êŒ§,‹{ŒÃŒS‰º’n’¬,data2500/okinawa/47372.lzh
‰«“êŒ§,‹{ŒÃŒSã–ì‘º,data2500/okinawa/47373.lzh
